timestamp, index, memory.used [MiB], utilization.gpu [%], power.draw [W], temperature.gpu, clocks.current.sm [MHz], clocks.current.memory [MHz]
2026/10/03 16:42:26.608, 0, 20920 MiB, 0 %, 144.54 W, 39, 1995 MHz, 9501 MHz
2026/10/03 16:42:26.617, 1, 20920 MiB, 0 %, 149.64 W, 33, 1980 MHz, 9501 MHz
2026/10/03 16:42:27.632, 0, 20920 MiB, 0 %, 139.73 W, 39, 1995 MHz, 9501 MHz
2026/10/03 16:42:27.632, 1, 20920 MiB, 0 %, 140.49 W, 33, 1980 MHz, 9501 MHz
2026/10/03 16:42:28.640, 0, 20920 MiB, 0 %, 113.60 W, 39, 1695 MHz, 9501 MHz
2026/10/03 16:42:28.640, 1, 20920 MiB, 0 %, 135.26 W, 33, 1695 MHz, 9501 MHz
2026/10/03 16:42:29.647, 0, 20920 MiB, 0 %, 111.17 W, 39, 1695 MHz, 9501 MHz
2026/10/03 16:42:29.648, 1, 20920 MiB, 0 %, 123.11 W, 33, 1695 MHz, 9501 MHz
2026/10/03 16:42:30.654, 0, 20920 MiB, 0 %, 111.20 W, 39, 1695 MHz, 9501 MHz
2026/10/03 16:42:30.655, 1, 20920 MiB, 0 %, 111.00 W, 33, 1695 MHz, 9501 MHz
2026/10/03 16:42:31.660, 0, 20920 MiB, 0 %, 111.31 W, 39, 1695 MHz, 9501 MHz
2026/10/03 16:42:31.660, 1, 20920 MiB, 0 %, 110.73 W, 33, 1695 MHz, 9501 MHz
2026/10/03 16:42:32.665, 0, 20920 MiB, 0 %, 111.40 W, 39, 1695 MHz, 9501 MHz
2026/10/03 16:42:32.666, 1, 20920 MiB, 0 %, 110.62 W, 33, 1695 MHz, 9501 MHz
2026/10/03 16:42:33.670, 0, 20920 MiB, 0 %, 111.50 W, 39, 1695 MHz, 9501 MHz
2026/10/03 16:42:33.670, 1, 20920 MiB, 0 %, 110.63 W, 33, 1695 MHz, 9501 MHz
2026/10/03 16:42:34.674, 0, 20920 MiB, 0 %, 111.71 W, 39, 1695 MHz, 9501 MHz
2026/10/03 16:42:34.674, 1, 20920 MiB, 0 %, 110.76 W, 33, 1695 MHz, 9501 MHz
2026/10/03 16:42:35.678, 0, 20920 MiB, 0 %, 111.78 W, 40, 1695 MHz, 9501 MHz
2026/10/03 16:42:35.678, 1, 20920 MiB, 0 %, 110.78 W, 33, 1695 MHz, 9501 MHz
2026/10/03 16:42:36.681, 0, 20920 MiB, 0 %, 111.75 W, 40, 1695 MHz, 9501 MHz
2026/10/03 16:42:36.681, 1, 20920 MiB, 0 %, 110.76 W, 34, 1695 MHz, 9501 MHz
2026/10/03 16:42:37.684, 0, 20964 MiB, 12 %, 131.20 W, 42, 1995 MHz, 9501 MHz
2026/10/03 16:42:37.685, 1, 20964 MiB, 98 %, 136.10 W, 35, 1965 MHz, 9501 MHz
2026/10/03 16:42:38.688, 0, 20964 MiB, 12 %, 153.87 W, 42, 1995 MHz, 9501 MHz
2026/10/03 16:42:38.688, 1, 20964 MiB, 100 %, 162.11 W, 35, 1965 MHz, 9501 MHz
2026/10/03 16:42:39.690, 0, 20964 MiB, 13 %, 142.67 W, 41, 1695 MHz, 9501 MHz
2026/10/03 16:42:39.691, 1, 20964 MiB, 100 %, 162.52 W, 36, 1965 MHz, 9501 MHz
2026/10/03 16:42:40.693, 0, 20964 MiB, 13 %, 122.24 W, 41, 1695 MHz, 9501 MHz
2026/10/03 16:42:40.693, 1, 20964 MiB, 100 %, 162.76 W, 36, 1965 MHz, 9501 MHz
2026/10/03 16:42:41.695, 0, 20964 MiB, 13 %, 122.17 W, 41, 1695 MHz, 9501 MHz
2026/10/03 16:42:41.696, 1, 20964 MiB, 100 %, 162.53 W, 36, 1965 MHz, 9501 MHz
2026/10/03 16:42:42.698, 0, 20964 MiB, 13 %, 122.59 W, 41, 1695 MHz, 9501 MHz
2026/10/03 16:42:42.698, 1, 20964 MiB, 100 %, 162.78 W, 36, 1965 MHz, 9501 MHz
2026/10/03 16:42:43.700, 0, 20964 MiB, 13 %, 122.77 W, 41, 1695 MHz, 9501 MHz
2026/10/03 16:42:43.701, 1, 20964 MiB, 100 %, 163.02 W, 36, 1965 MHz, 9501 MHz
2026/10/03 16:42:44.703, 0, 20964 MiB, 13 %, 122.44 W, 41, 1695 MHz, 9501 MHz
2026/10/03 16:42:44.703, 1, 20964 MiB, 100 %, 162.62 W, 37, 1965 MHz, 9501 MHz
2026/10/03 16:42:45.705, 0, 20964 MiB, 13 %, 122.40 W, 42, 1695 MHz, 9501 MHz
2026/10/03 16:42:45.706, 1, 20964 MiB, 100 %, 162.90 W, 37, 1965 MHz, 9501 MHz
2026/10/03 16:42:46.708, 0, 20964 MiB, 13 %, 122.60 W, 42, 1695 MHz, 9501 MHz
2026/10/03 16:42:46.708, 1, 20964 MiB, 100 %, 163.03 W, 37, 1965 MHz, 9501 MHz
2026/10/03 16:42:47.709, 0, 20964 MiB, 12 %, 122.67 W, 42, 1695 MHz, 9501 MHz
2026/10/03 16:42:47.709, 1, 20964 MiB, 100 %, 163.12 W, 37, 1965 MHz, 9501 MHz
2026/10/03 16:42:48.711, 0, 20964 MiB, 13 %, 122.70 W, 42, 1695 MHz, 9501 MHz
2026/10/03 16:42:48.711, 1, 20964 MiB, 100 %, 163.04 W, 38, 1965 MHz, 9501 MHz
2026/10/03 16:42:49.712, 0, 20964 MiB, 13 %, 122.77 W, 42, 1695 MHz, 9501 MHz
2026/10/03 16:42:49.712, 1, 20964 MiB, 100 %, 163.12 W, 38, 1965 MHz, 9501 MHz
2026/10/03 16:42:50.714, 0, 20964 MiB, 13 %, 122.69 W, 42, 1695 MHz, 9501 MHz
2026/10/03 16:42:50.714, 1, 20964 MiB, 100 %, 163.33 W, 38, 1965 MHz, 9501 MHz
2026/10/03 16:42:51.715, 0, 20964 MiB, 13 %, 122.93 W, 42, 1695 MHz, 9501 MHz
2026/10/03 16:42:51.715, 1, 20964 MiB, 100 %, 163.73 W, 38, 1965 MHz, 9501 MHz
2026/10/03 16:42:52.715, 0, 20964 MiB, 13 %, 123.29 W, 42, 1695 MHz, 9501 MHz
2026/10/03 16:42:52.716, 1, 20964 MiB, 100 %, 163.97 W, 38, 1965 MHz, 9501 MHz
2026/10/03 16:42:53.716, 0, 20964 MiB, 100 %, 167.27 W, 45, 1980 MHz, 9501 MHz
2026/10/03 16:42:53.716, 1, 20964 MiB, 12 %, 171.28 W, 38, 1965 MHz, 9501 MHz
2026/10/03 16:42:54.716, 0, 20964 MiB, 11 %, 165.75 W, 44, 1980 MHz, 9501 MHz
2026/10/03 16:42:54.717, 1, 20964 MiB, 100 %, 153.24 W, 38, 1965 MHz, 9501 MHz
2026/10/03 16:42:55.717, 0, 20964 MiB, 12 %, 154.66 W, 44, 1980 MHz, 9501 MHz
2026/10/03 16:42:55.717, 1, 20964 MiB, 100 %, 164.16 W, 39, 1965 MHz, 9501 MHz
2026/10/03 16:42:56.717, 0, 20964 MiB, 14 %, 129.29 W, 43, 1695 MHz, 9501 MHz
2026/10/03 16:42:56.717, 1, 20964 MiB, 100 %, 164.57 W, 39, 1965 MHz, 9501 MHz
2026/10/03 16:42:57.717, 0, 20964 MiB, 13 %, 122.88 W, 43, 1695 MHz, 9501 MHz
2026/10/03 16:42:57.718, 1, 20964 MiB, 100 %, 164.19 W, 39, 1965 MHz, 9501 MHz
2026/10/03 16:42:58.718, 0, 20964 MiB, 13 %, 123.18 W, 44, 1695 MHz, 9501 MHz
2026/10/03 16:42:58.718, 1, 20964 MiB, 100 %, 164.52 W, 39, 1965 MHz, 9501 MHz
2026/10/03 16:42:59.718, 0, 20964 MiB, 13 %, 123.21 W, 44, 1695 MHz, 9501 MHz
2026/10/03 16:42:59.719, 1, 20964 MiB, 100 %, 164.64 W, 39, 1965 MHz, 9501 MHz
2026/10/03 16:43:00.719, 0, 20964 MiB, 13 %, 123.60 W, 44, 1695 MHz, 9501 MHz
2026/10/03 16:43:00.719, 1, 20964 MiB, 100 %, 164.88 W, 39, 1965 MHz, 9501 MHz
2026/10/03 16:43:01.719, 0, 20964 MiB, 13 %, 123.39 W, 44, 1695 MHz, 9501 MHz
2026/10/03 16:43:01.719, 1, 20964 MiB, 100 %, 164.93 W, 40, 1965 MHz, 9501 MHz
2026/10/03 16:43:02.720, 0, 20964 MiB, 13 %, 123.21 W, 44, 1695 MHz, 9501 MHz
2026/10/03 16:43:02.720, 1, 20964 MiB, 100 %, 165.04 W, 40, 1965 MHz, 9501 MHz
2026/10/03 16:43:03.720, 0, 20964 MiB, 13 %, 123.29 W, 44, 1695 MHz, 9501 MHz
2026/10/03 16:43:03.720, 1, 20964 MiB, 100 %, 165.19 W, 40, 1965 MHz, 9501 MHz
2026/10/03 16:43:04.720, 0, 20964 MiB, 13 %, 123.50 W, 44, 1695 MHz, 9501 MHz
2026/10/03 16:43:04.720, 1, 20964 MiB, 100 %, 165.10 W, 40, 1965 MHz, 9501 MHz
2026/10/03 16:43:05.721, 0, 20964 MiB, 14 %, 123.58 W, 44, 1695 MHz, 9501 MHz
2026/10/03 16:43:05.721, 1, 20964 MiB, 100 %, 165.21 W, 40, 1965 MHz, 9501 MHz
2026/10/03 16:43:06.721, 0, 20964 MiB, 13 %, 123.78 W, 44, 1695 MHz, 9501 MHz
2026/10/03 16:43:06.721, 1, 20964 MiB, 100 %, 166.41 W, 40, 1965 MHz, 9501 MHz
2026/10/03 16:43:07.721, 0, 20964 MiB, 55 %, 137.93 W, 46, 1980 MHz, 9501 MHz
2026/10/03 16:43:07.721, 1, 20964 MiB, 100 %, 180.67 W, 41, 1965 MHz, 9501 MHz
2026/10/03 16:43:08.722, 0, 20964 MiB, 12 %, 163.30 W, 46, 1980 MHz, 9501 MHz
2026/10/03 16:43:08.722, 1, 20964 MiB, 100 %, 164.99 W, 40, 1965 MHz, 9501 MHz
2026/10/03 16:43:09.722, 0, 20964 MiB, 12 %, 155.63 W, 46, 1980 MHz, 9501 MHz
2026/10/03 16:43:09.722, 1, 20964 MiB, 100 %, 166.68 W, 41, 1965 MHz, 9501 MHz
2026/10/03 16:43:10.722, 0, 20964 MiB, 12 %, 141.65 W, 45, 1695 MHz, 9501 MHz
2026/10/03 16:43:10.722, 1, 20964 MiB, 100 %, 166.87 W, 41, 1965 MHz, 9501 MHz
2026/10/03 16:43:11.723, 0, 20964 MiB, 12 %, 123.86 W, 45, 1695 MHz, 9501 MHz
2026/10/03 16:43:11.723, 1, 20964 MiB, 100 %, 166.43 W, 41, 1965 MHz, 9501 MHz
2026/10/03 16:43:12.723, 0, 20964 MiB, 13 %, 124.14 W, 45, 1695 MHz, 9501 MHz
2026/10/03 16:43:12.723, 1, 20964 MiB, 100 %, 166.70 W, 41, 1965 MHz, 9501 MHz
2026/10/03 16:43:13.723, 0, 20964 MiB, 13 %, 124.54 W, 45, 1695 MHz, 9501 MHz
2026/10/03 16:43:13.724, 1, 20964 MiB, 100 %, 166.87 W, 41, 1965 MHz, 9501 MHz
2026/10/03 16:43:14.724, 0, 20964 MiB, 14 %, 124.59 W, 45, 1695 MHz, 9501 MHz
2026/10/03 16:43:14.724, 1, 20964 MiB, 100 %, 167.31 W, 41, 1965 MHz, 9501 MHz
2026/10/03 16:43:15.724, 0, 20964 MiB, 13 %, 124.54 W, 45, 1695 MHz, 9501 MHz
2026/10/03 16:43:15.724, 1, 20964 MiB, 100 %, 167.15 W, 41, 1965 MHz, 9501 MHz
2026/10/03 16:43:16.725, 0, 20964 MiB, 13 %, 124.80 W, 45, 1695 MHz, 9501 MHz
2026/10/03 16:43:16.725, 1, 20964 MiB, 100 %, 167.36 W, 41, 1965 MHz, 9501 MHz
2026/10/03 16:43:17.725, 0, 20964 MiB, 13 %, 124.50 W, 45, 1695 MHz, 9501 MHz
2026/10/03 16:43:17.725, 1, 20964 MiB, 100 %, 167.27 W, 41, 1965 MHz, 9501 MHz
2026/10/03 16:43:18.725, 0, 20964 MiB, 14 %, 124.59 W, 45, 1695 MHz, 9501 MHz
2026/10/03 16:43:18.726, 1, 20964 MiB, 100 %, 167.25 W, 42, 1965 MHz, 9501 MHz
2026/10/03 16:43:19.726, 0, 20964 MiB, 13 %, 124.66 W, 45, 1695 MHz, 9501 MHz
2026/10/03 16:43:19.726, 1, 20964 MiB, 100 %, 167.39 W, 42, 1965 MHz, 9501 MHz
2026/10/03 16:43:20.726, 0, 20964 MiB, 13 %, 124.87 W, 45, 1695 MHz, 9501 MHz
2026/10/03 16:43:20.726, 1, 20964 MiB, 100 %, 167.32 W, 42, 1965 MHz, 9501 MHz
2026/10/03 16:43:21.726, 0, 20964 MiB, 13 %, 124.81 W, 45, 1695 MHz, 9501 MHz
2026/10/03 16:43:21.727, 1, 20964 MiB, 100 %, 167.42 W, 42, 1965 MHz, 9501 MHz
2026/10/03 16:43:22.727, 0, 20964 MiB, 100 %, 130.54 W, 46, 1695 MHz, 9501 MHz
2026/10/03 16:43:22.727, 1, 20964 MiB, 100 %, 175.01 W, 43, 1965 MHz, 9501 MHz
2026/10/03 16:43:23.727, 0, 20964 MiB, 12 %, 161.68 W, 47, 1980 MHz, 9501 MHz
2026/10/03 16:43:23.727, 1, 20964 MiB, 100 %, 182.34 W, 42, 1965 MHz, 9501 MHz
2026/10/03 16:43:24.738, 0, 20964 MiB, 12 %, 154.30 W, 46, 1695 MHz, 9501 MHz
2026/10/03 16:43:24.738, 1, 20964 MiB, 100 %, 167.86 W, 42, 1965 MHz, 9501 MHz
2026/10/03 16:43:25.751, 0, 20964 MiB, 13 %, 125.22 W, 46, 1695 MHz, 9501 MHz
2026/10/03 16:43:25.752, 1, 20964 MiB, 100 %, 167.57 W, 42, 1965 MHz, 9501 MHz
2026/10/03 16:43:26.763, 0, 20964 MiB, 13 %, 124.83 W, 46, 1695 MHz, 9501 MHz
2026/10/03 16:43:26.763, 1, 20964 MiB, 100 %, 167.72 W, 42, 1965 MHz, 9501 MHz
2026/10/03 16:43:27.774, 0, 20964 MiB, 13 %, 124.81 W, 46, 1695 MHz, 9501 MHz
2026/10/03 16:43:27.774, 1, 20964 MiB, 100 %, 167.79 W, 42, 1965 MHz, 9501 MHz
2026/10/03 16:43:28.783, 0, 20964 MiB, 13 %, 125.00 W, 46, 1695 MHz, 9501 MHz
2026/10/03 16:43:28.784, 1, 20964 MiB, 100 %, 168.15 W, 43, 1965 MHz, 9501 MHz
2026/10/03 16:43:29.792, 0, 20964 MiB, 13 %, 124.99 W, 46, 1695 MHz, 9501 MHz
2026/10/03 16:43:29.792, 1, 20964 MiB, 100 %, 167.96 W, 43, 1965 MHz, 9501 MHz
2026/10/03 16:43:30.799, 0, 20964 MiB, 13 %, 125.23 W, 46, 1695 MHz, 9501 MHz
2026/10/03 16:43:30.800, 1, 20964 MiB, 100 %, 168.03 W, 43, 1965 MHz, 9501 MHz
2026/10/03 16:43:31.806, 0, 20964 MiB, 13 %, 125.03 W, 46, 1695 MHz, 9501 MHz
2026/10/03 16:43:31.806, 1, 20964 MiB, 100 %, 168.04 W, 43, 1965 MHz, 9501 MHz
2026/10/03 16:43:32.812, 0, 20964 MiB, 13 %, 125.25 W, 46, 1695 MHz, 9501 MHz
2026/10/03 16:43:32.813, 1, 20964 MiB, 100 %, 167.92 W, 43, 1965 MHz, 9501 MHz
2026/10/03 16:43:33.818, 0, 20964 MiB, 13 %, 124.95 W, 46, 1695 MHz, 9501 MHz
2026/10/03 16:43:33.818, 1, 20964 MiB, 100 %, 167.83 W, 43, 1965 MHz, 9501 MHz
2026/10/03 16:43:34.822, 0, 20964 MiB, 13 %, 124.83 W, 46, 1695 MHz, 9501 MHz
2026/10/03 16:43:34.822, 1, 20964 MiB, 100 %, 167.70 W, 43, 1965 MHz, 9501 MHz
2026/10/03 16:43:35.827, 0, 20964 MiB, 13 %, 125.20 W, 46, 1695 MHz, 9501 MHz
2026/10/03 16:43:35.827, 1, 20964 MiB, 100 %, 168.12 W, 43, 1965 MHz, 9501 MHz
2026/10/03 16:43:36.831, 0, 20964 MiB, 14 %, 125.22 W, 46, 1695 MHz, 9501 MHz
2026/10/03 16:43:36.831, 1, 20964 MiB, 100 %, 168.40 W, 43, 1965 MHz, 9501 MHz
2026/10/03 16:43:37.835, 0, 20964 MiB, 12 %, 125.30 W, 46, 1695 MHz, 9501 MHz
2026/10/03 16:43:37.835, 1, 20964 MiB, 99 %, 172.88 W, 43, 1965 MHz, 9501 MHz
2026/10/03 16:43:38.838, 0, 20964 MiB, 12 %, 167.93 W, 48, 1980 MHz, 9501 MHz
2026/10/03 16:43:38.838, 1, 20964 MiB, 100 %, 184.90 W, 44, 1965 MHz, 9501 MHz
2026/10/03 16:43:39.842, 0, 20964 MiB, 12 %, 157.34 W, 48, 1980 MHz, 9501 MHz
2026/10/03 16:43:39.842, 1, 20964 MiB, 100 %, 168.78 W, 44, 1965 MHz, 9501 MHz
2026/10/03 16:43:40.844, 0, 20964 MiB, 13 %, 131.74 W, 47, 1695 MHz, 9501 MHz
2026/10/03 16:43:40.844, 1, 20964 MiB, 100 %, 168.52 W, 44, 1965 MHz, 9501 MHz
2026/10/03 16:43:41.846, 0, 20964 MiB, 13 %, 125.35 W, 47, 1695 MHz, 9501 MHz
2026/10/03 16:43:41.847, 1, 20964 MiB, 100 %, 168.70 W, 44, 1965 MHz, 9501 MHz
2026/10/03 16:43:42.849, 0, 20964 MiB, 13 %, 125.49 W, 47, 1695 MHz, 9501 MHz
2026/10/03 16:43:42.849, 1, 20964 MiB, 100 %, 168.74 W, 44, 1965 MHz, 9501 MHz
2026/10/03 16:43:43.852, 0, 20964 MiB, 13 %, 125.47 W, 47, 1695 MHz, 9501 MHz
2026/10/03 16:43:43.852, 1, 20964 MiB, 100 %, 168.62 W, 44, 1965 MHz, 9501 MHz
2026/10/03 16:43:44.854, 0, 20964 MiB, 14 %, 125.65 W, 47, 1695 MHz, 9501 MHz
2026/10/03 16:43:44.855, 1, 20964 MiB, 100 %, 168.87 W, 44, 1965 MHz, 9501 MHz
2026/10/03 16:43:45.857, 0, 20964 MiB, 14 %, 125.70 W, 47, 1695 MHz, 9501 MHz
2026/10/03 16:43:45.857, 1, 20964 MiB, 100 %, 169.04 W, 44, 1965 MHz, 9501 MHz
2026/10/03 16:43:46.860, 0, 20964 MiB, 13 %, 125.87 W, 47, 1695 MHz, 9501 MHz
2026/10/03 16:43:46.860, 1, 20964 MiB, 100 %, 169.18 W, 44, 1965 MHz, 9501 MHz
2026/10/03 16:43:47.861, 0, 20964 MiB, 13 %, 125.77 W, 47, 1695 MHz, 9501 MHz
2026/10/03 16:43:47.862, 1, 20964 MiB, 100 %, 168.94 W, 44, 1965 MHz, 9501 MHz
2026/10/03 16:43:48.863, 0, 20964 MiB, 13 %, 125.67 W, 47, 1695 MHz, 9501 MHz
2026/10/03 16:43:48.863, 1, 20964 MiB, 100 %, 168.79 W, 44, 1965 MHz, 9501 MHz
2026/10/03 16:43:49.864, 0, 20964 MiB, 13 %, 125.69 W, 47, 1695 MHz, 9501 MHz
2026/10/03 16:43:49.864, 1, 20964 MiB, 100 %, 168.85 W, 44, 1965 MHz, 9501 MHz
2026/10/03 16:43:50.866, 0, 20964 MiB, 13 %, 125.57 W, 47, 1695 MHz, 9501 MHz
2026/10/03 16:43:50.866, 1, 20964 MiB, 100 %, 168.97 W, 44, 1965 MHz, 9501 MHz
2026/10/03 16:43:51.867, 0, 20964 MiB, 13 %, 125.33 W, 47, 1695 MHz, 9501 MHz
2026/10/03 16:43:51.867, 1, 20964 MiB, 100 %, 169.01 W, 44, 1965 MHz, 9501 MHz
2026/10/03 16:43:52.868, 0, 20964 MiB, 13 %, 125.50 W, 47, 1695 MHz, 9501 MHz
2026/10/03 16:43:52.869, 1, 20964 MiB, 83 %, 172.62 W, 44, 1965 MHz, 9501 MHz
2026/10/03 16:43:53.870, 0, 20964 MiB, 12 %, 169.29 W, 49, 1995 MHz, 9501 MHz
2026/10/03 16:43:53.870, 1, 20964 MiB, 100 %, 185.15 W, 44, 1950 MHz, 9501 MHz
2026/10/03 16:43:54.871, 0, 20964 MiB, 12 %, 158.32 W, 49, 1995 MHz, 9501 MHz
2026/10/03 16:43:54.871, 1, 20964 MiB, 100 %, 169.01 W, 45, 1950 MHz, 9501 MHz
2026/10/03 16:43:55.873, 0, 20964 MiB, 13 %, 132.02 W, 48, 1695 MHz, 9501 MHz
2026/10/03 16:43:55.873, 1, 20964 MiB, 100 %, 169.04 W, 45, 1950 MHz, 9501 MHz
2026/10/03 16:43:56.874, 0, 20964 MiB, 13 %, 125.42 W, 48, 1695 MHz, 9501 MHz
2026/10/03 16:43:56.875, 1, 20964 MiB, 100 %, 168.92 W, 45, 1950 MHz, 9501 MHz
2026/10/03 16:43:57.876, 0, 20964 MiB, 13 %, 125.55 W, 48, 1695 MHz, 9501 MHz
2026/10/03 16:43:57.876, 1, 20964 MiB, 100 %, 169.04 W, 45, 1950 MHz, 9501 MHz
2026/10/03 16:43:58.877, 0, 20964 MiB, 13 %, 125.30 W, 48, 1695 MHz, 9501 MHz
2026/10/03 16:43:58.878, 1, 20964 MiB, 100 %, 169.09 W, 45, 1950 MHz, 9501 MHz
2026/10/03 16:43:59.879, 0, 20964 MiB, 12 %, 125.13 W, 48, 1695 MHz, 9501 MHz
2026/10/03 16:43:59.879, 1, 20964 MiB, 100 %, 169.03 W, 45, 1950 MHz, 9501 MHz
2026/10/03 16:44:00.880, 0, 20964 MiB, 14 %, 125.48 W, 48, 1695 MHz, 9501 MHz
2026/10/03 16:44:00.880, 1, 20964 MiB, 100 %, 169.24 W, 45, 1950 MHz, 9501 MHz
2026/10/03 16:44:01.882, 0, 20964 MiB, 13 %, 125.47 W, 48, 1695 MHz, 9501 MHz
2026/10/03 16:44:01.882, 1, 20964 MiB, 100 %, 168.91 W, 45, 1950 MHz, 9501 MHz
2026/10/03 16:44:02.883, 0, 20964 MiB, 13 %, 125.63 W, 48, 1695 MHz, 9501 MHz
2026/10/03 16:44:02.883, 1, 20964 MiB, 100 %, 168.87 W, 45, 1950 MHz, 9501 MHz
2026/10/03 16:44:03.884, 0, 20964 MiB, 13 %, 125.77 W, 48, 1695 MHz, 9501 MHz
2026/10/03 16:44:03.885, 1, 20964 MiB, 100 %, 168.85 W, 45, 1950 MHz, 9501 MHz
2026/10/03 16:44:04.886, 0, 20964 MiB, 13 %, 125.81 W, 48, 1695 MHz, 9501 MHz
2026/10/03 16:44:04.886, 1, 20964 MiB, 100 %, 169.10 W, 45, 1950 MHz, 9501 MHz
2026/10/03 16:44:05.887, 0, 20964 MiB, 13 %, 125.82 W, 48, 1695 MHz, 9501 MHz
2026/10/03 16:44:05.888, 1, 20964 MiB, 100 %, 169.02 W, 45, 1950 MHz, 9501 MHz
2026/10/03 16:44:06.889, 0, 20964 MiB, 13 %, 125.97 W, 48, 1695 MHz, 9501 MHz
2026/10/03 16:44:06.889, 1, 20964 MiB, 100 %, 169.12 W, 45, 1950 MHz, 9501 MHz
2026/10/03 16:44:07.890, 0, 20964 MiB, 12 %, 125.70 W, 48, 1695 MHz, 9501 MHz
2026/10/03 16:44:07.890, 1, 20964 MiB, 100 %, 169.23 W, 45, 1950 MHz, 9501 MHz
2026/10/03 16:44:08.892, 0, 20964 MiB, 12 %, 163.44 W, 50, 1995 MHz, 9501 MHz
2026/10/03 16:44:08.892, 1, 20964 MiB, 100 %, 185.66 W, 45, 1950 MHz, 9501 MHz
2026/10/03 16:44:09.893, 0, 20964 MiB, 12 %, 158.58 W, 50, 1995 MHz, 9501 MHz
2026/10/03 16:44:09.893, 1, 20964 MiB, 100 %, 168.97 W, 45, 1950 MHz, 9501 MHz
2026/10/03 16:44:10.894, 0, 20964 MiB, 13 %, 138.10 W, 49, 1695 MHz, 9501 MHz
2026/10/03 16:44:10.895, 1, 20964 MiB, 100 %, 169.00 W, 45, 1950 MHz, 9501 MHz
2026/10/03 16:44:11.896, 0, 20964 MiB, 13 %, 126.11 W, 48, 1695 MHz, 9501 MHz
2026/10/03 16:44:11.896, 1, 20964 MiB, 100 %, 169.36 W, 45, 1950 MHz, 9501 MHz
2026/10/03 16:44:12.896, 0, 20964 MiB, 100 %, 155.61 W, 50, 1995 MHz, 9501 MHz
2026/10/03 16:44:12.896, 1, 20964 MiB, 12 %, 159.65 W, 45, 1950 MHz, 9501 MHz
2026/10/03 16:44:13.896, 0, 20964 MiB, 100 %, 172.40 W, 51, 1995 MHz, 9501 MHz
2026/10/03 16:44:13.897, 1, 20964 MiB, 14 %, 154.65 W, 44, 1695 MHz, 9501 MHz
2026/10/03 16:44:14.897, 0, 20964 MiB, 12 %, 166.05 W, 50, 1995 MHz, 9501 MHz
2026/10/03 16:44:14.897, 1, 20964 MiB, 100 %, 147.71 W, 45, 1950 MHz, 9501 MHz
2026/10/03 16:44:15.897, 0, 20964 MiB, 12 %, 159.47 W, 50, 1995 MHz, 9501 MHz
2026/10/03 16:44:15.897, 1, 20964 MiB, 100 %, 169.28 W, 45, 1950 MHz, 9501 MHz
2026/10/03 16:44:16.897, 0, 20964 MiB, 13 %, 139.13 W, 49, 1695 MHz, 9501 MHz
2026/10/03 16:44:16.898, 1, 20964 MiB, 100 %, 169.51 W, 45, 1950 MHz, 9501 MHz
2026/10/03 16:44:17.898, 0, 20964 MiB, 13 %, 126.43 W, 49, 1695 MHz, 9501 MHz
2026/10/03 16:44:17.898, 1, 20964 MiB, 100 %, 169.41 W, 45, 1950 MHz, 9501 MHz
2026/10/03 16:44:18.898, 0, 20964 MiB, 13 %, 126.29 W, 49, 1695 MHz, 9501 MHz
2026/10/03 16:44:18.898, 1, 20964 MiB, 100 %, 169.33 W, 45, 1950 MHz, 9501 MHz
2026/10/03 16:44:19.898, 0, 20964 MiB, 13 %, 126.15 W, 49, 1695 MHz, 9501 MHz
2026/10/03 16:44:19.899, 1, 20964 MiB, 100 %, 169.16 W, 45, 1950 MHz, 9501 MHz
2026/10/03 16:44:20.899, 0, 20964 MiB, 13 %, 126.06 W, 49, 1695 MHz, 9501 MHz
2026/10/03 16:44:20.899, 1, 20964 MiB, 100 %, 169.27 W, 45, 1950 MHz, 9501 MHz
2026/10/03 16:44:21.899, 0, 20964 MiB, 12 %, 125.85 W, 49, 1695 MHz, 9501 MHz
2026/10/03 16:44:21.899, 1, 20964 MiB, 100 %, 169.23 W, 45, 1950 MHz, 9501 MHz
2026/10/03 16:44:22.899, 0, 20964 MiB, 13 %, 125.16 W, 49, 1695 MHz, 9501 MHz
2026/10/03 16:44:22.900, 1, 20964 MiB, 100 %, 168.33 W, 45, 1950 MHz, 9501 MHz
2026/10/03 16:44:23.900, 0, 20964 MiB, 100 %, 152.04 W, 51, 1995 MHz, 9501 MHz
2026/10/03 16:44:23.900, 1, 20964 MiB, 11 %, 182.69 W, 45, 1950 MHz, 9501 MHz
2026/10/03 16:44:24.900, 0, 20964 MiB, 100 %, 172.79 W, 51, 1995 MHz, 9501 MHz
2026/10/03 16:44:24.900, 1, 20964 MiB, 12 %, 156.86 W, 45, 1950 MHz, 9501 MHz
2026/10/03 16:44:25.901, 0, 20964 MiB, 100 %, 172.82 W, 51, 1995 MHz, 9501 MHz
2026/10/03 16:44:25.901, 1, 20964 MiB, 13 %, 144.14 W, 44, 1695 MHz, 9501 MHz
2026/10/03 16:44:26.901, 0, 20964 MiB, 100 %, 173.13 W, 52, 1995 MHz, 9501 MHz
2026/10/03 16:44:26.901, 1, 20964 MiB, 13 %, 128.25 W, 44, 1695 MHz, 9501 MHz
2026/10/03 16:44:27.901, 0, 20964 MiB, 100 %, 173.32 W, 52, 1995 MHz, 9501 MHz
2026/10/03 16:44:27.901, 1, 20964 MiB, 13 %, 128.16 W, 44, 1695 MHz, 9501 MHz
2026/10/03 16:44:28.902, 0, 20964 MiB, 100 %, 173.31 W, 52, 1995 MHz, 9501 MHz
2026/10/03 16:44:28.902, 1, 20964 MiB, 13 %, 128.09 W, 44, 1695 MHz, 9501 MHz
2026/10/03 16:44:29.902, 0, 20964 MiB, 100 %, 173.11 W, 52, 1995 MHz, 9501 MHz
2026/10/03 16:44:29.902, 1, 20964 MiB, 40 %, 128.31 W, 44, 1695 MHz, 9501 MHz
2026/10/03 16:44:30.902, 0, 20964 MiB, 11 %, 160.47 W, 51, 1995 MHz, 9501 MHz
2026/10/03 16:44:30.902, 1, 20964 MiB, 100 %, 162.20 W, 45, 1950 MHz, 9501 MHz
2026/10/03 16:44:31.903, 0, 20964 MiB, 10 %, 152.99 W, 50, 1695 MHz, 9501 MHz
2026/10/03 16:44:31.903, 1, 20964 MiB, 100 %, 167.97 W, 45, 1950 MHz, 9501 MHz
2026/10/03 16:44:32.903, 0, 20964 MiB, 14 %, 127.15 W, 50, 1695 MHz, 9501 MHz
2026/10/03 16:44:32.903, 1, 20964 MiB, 100 %, 169.30 W, 45, 1950 MHz, 9501 MHz
2026/10/03 16:44:33.903, 0, 20964 MiB, 14 %, 127.21 W, 50, 1695 MHz, 9501 MHz
2026/10/03 16:44:33.903, 1, 20964 MiB, 100 %, 169.61 W, 45, 1950 MHz, 9501 MHz
2026/10/03 16:44:34.904, 0, 20964 MiB, 12 %, 126.95 W, 50, 1695 MHz, 9501 MHz
2026/10/03 16:44:34.904, 1, 20964 MiB, 100 %, 169.25 W, 45, 1950 MHz, 9501 MHz
2026/10/03 16:44:35.904, 0, 20964 MiB, 14 %, 127.06 W, 50, 1695 MHz, 9501 MHz
2026/10/03 16:44:35.904, 1, 20964 MiB, 100 %, 169.61 W, 45, 1950 MHz, 9501 MHz
2026/10/03 16:44:36.904, 0, 20964 MiB, 14 %, 127.32 W, 50, 1695 MHz, 9501 MHz
2026/10/03 16:44:36.905, 1, 20964 MiB, 100 %, 169.73 W, 45, 1950 MHz, 9501 MHz
2026/10/03 16:44:37.905, 0, 20964 MiB, 12 %, 126.77 W, 49, 1695 MHz, 9501 MHz
2026/10/03 16:44:37.905, 1, 20964 MiB, 100 %, 169.23 W, 45, 1950 MHz, 9501 MHz
2026/10/03 16:44:38.905, 0, 20964 MiB, 100 %, 148.00 W, 52, 1995 MHz, 9501 MHz
2026/10/03 16:44:38.905, 1, 20964 MiB, 100 %, 185.97 W, 47, 1950 MHz, 9501 MHz
2026/10/03 16:44:39.905, 0, 20964 MiB, 11 %, 162.81 W, 51, 1995 MHz, 9501 MHz
2026/10/03 16:44:39.906, 1, 20964 MiB, 100 %, 172.81 W, 45, 1950 MHz, 9501 MHz
2026/10/03 16:44:40.906, 0, 20964 MiB, 13 %, 154.32 W, 50, 1695 MHz, 9501 MHz
2026/10/03 16:44:40.906, 1, 20964 MiB, 100 %, 169.39 W, 45, 1950 MHz, 9501 MHz
2026/10/03 16:44:41.906, 0, 20964 MiB, 13 %, 127.11 W, 50, 1695 MHz, 9501 MHz
2026/10/03 16:44:41.906, 1, 20964 MiB, 100 %, 169.30 W, 45, 1950 MHz, 9501 MHz
2026/10/03 16:44:42.906, 0, 20964 MiB, 13 %, 126.63 W, 50, 1695 MHz, 9501 MHz
2026/10/03 16:44:42.906, 1, 20964 MiB, 100 %, 169.09 W, 45, 1950 MHz, 9501 MHz
2026/10/03 16:44:43.907, 0, 20964 MiB, 13 %, 126.97 W, 50, 1695 MHz, 9501 MHz
2026/10/03 16:44:43.907, 1, 20964 MiB, 100 %, 169.36 W, 45, 1950 MHz, 9501 MHz
2026/10/03 16:44:44.907, 0, 20964 MiB, 13 %, 127.07 W, 49, 1695 MHz, 9501 MHz
2026/10/03 16:44:44.907, 1, 20964 MiB, 100 %, 169.58 W, 46, 1950 MHz, 9501 MHz
2026/10/03 16:44:45.921, 0, 20964 MiB, 13 %, 127.29 W, 50, 1695 MHz, 9501 MHz
2026/10/03 16:44:45.921, 1, 20964 MiB, 100 %, 169.98 W, 46, 1950 MHz, 9501 MHz
2026/10/03 16:44:46.934, 0, 20964 MiB, 13 %, 127.36 W, 49, 1695 MHz, 9501 MHz
2026/10/03 16:44:46.935, 1, 20964 MiB, 100 %, 169.92 W, 46, 1950 MHz, 9501 MHz
2026/10/03 16:44:47.946, 0, 20964 MiB, 13 %, 127.24 W, 49, 1695 MHz, 9501 MHz
2026/10/03 16:44:47.946, 1, 20964 MiB, 100 %, 169.96 W, 46, 1950 MHz, 9501 MHz
2026/10/03 16:44:48.957, 0, 20964 MiB, 100 %, 152.31 W, 51, 1995 MHz, 9501 MHz
2026/10/03 16:44:48.957, 1, 20964 MiB, 12 %, 161.51 W, 45, 1950 MHz, 9501 MHz
2026/10/03 16:44:49.966, 0, 20964 MiB, 100 %, 173.32 W, 52, 1995 MHz, 9501 MHz
2026/10/03 16:44:49.966, 1, 20964 MiB, 12 %, 157.02 W, 45, 1950 MHz, 9501 MHz
2026/10/03 16:44:50.975, 0, 20964 MiB, 100 %, 173.59 W, 52, 1995 MHz, 9501 MHz
2026/10/03 16:44:50.975, 1, 20964 MiB, 13 %, 133.86 W, 44, 1695 MHz, 9501 MHz
2026/10/03 16:44:51.982, 0, 20964 MiB, 100 %, 173.57 W, 52, 1995 MHz, 9501 MHz
2026/10/03 16:44:51.982, 1, 20964 MiB, 13 %, 128.14 W, 44, 1695 MHz, 9501 MHz
2026/10/03 16:44:52.989, 0, 20964 MiB, 100 %, 173.46 W, 52, 1995 MHz, 9501 MHz
2026/10/03 16:44:52.989, 1, 20964 MiB, 13 %, 128.06 W, 44, 1695 MHz, 9501 MHz
2026/10/03 16:44:53.994, 0, 20964 MiB, 100 %, 185.55 W, 54, 1995 MHz, 9501 MHz
2026/10/03 16:44:53.994, 1, 20964 MiB, 100 %, 141.14 W, 46, 1950 MHz, 9501 MHz
2026/10/03 16:44:55.000, 0, 20964 MiB, 12 %, 172.74 W, 52, 1995 MHz, 9501 MHz
2026/10/03 16:44:55.002, 1, 20964 MiB, 100 %, 178.91 W, 45, 1950 MHz, 9501 MHz
2026/10/03 16:44:56.007, 0, 20964 MiB, 100 %, 168.83 W, 52, 1995 MHz, 9501 MHz
2026/10/03 16:44:56.007, 1, 20964 MiB, 12 %, 161.23 W, 45, 1950 MHz, 9501 MHz
2026/10/03 16:44:57.011, 0, 20964 MiB, 100 %, 174.33 W, 52, 1995 MHz, 9501 MHz
2026/10/03 16:44:57.011, 1, 20964 MiB, 12 %, 156.81 W, 45, 1950 MHz, 9501 MHz
2026/10/03 16:44:58.016, 0, 20964 MiB, 12 %, 168.44 W, 52, 1995 MHz, 9501 MHz
2026/10/03 16:44:58.016, 1, 20964 MiB, 100 %, 145.76 W, 45, 1950 MHz, 9501 MHz
2026/10/03 16:44:59.019, 0, 20964 MiB, 12 %, 160.74 W, 52, 1995 MHz, 9501 MHz
2026/10/03 16:44:59.019, 1, 20964 MiB, 100 %, 169.54 W, 45, 1950 MHz, 9501 MHz
2026/10/03 16:45:00.022, 0, 20964 MiB, 14 %, 143.58 W, 51, 1695 MHz, 9501 MHz
2026/10/03 16:45:00.023, 1, 20964 MiB, 100 %, 169.63 W, 45, 1950 MHz, 9501 MHz
2026/10/03 16:45:01.026, 0, 20964 MiB, 13 %, 127.62 W, 50, 1695 MHz, 9501 MHz
2026/10/03 16:45:01.026, 1, 20964 MiB, 100 %, 169.40 W, 45, 1950 MHz, 9501 MHz
2026/10/03 16:45:02.029, 0, 20964 MiB, 13 %, 127.40 W, 50, 1695 MHz, 9501 MHz
2026/10/03 16:45:02.030, 1, 20964 MiB, 100 %, 169.13 W, 45, 1950 MHz, 9501 MHz
2026/10/03 16:45:03.032, 0, 20964 MiB, 13 %, 127.69 W, 50, 1695 MHz, 9501 MHz
2026/10/03 16:45:03.032, 1, 20964 MiB, 100 %, 169.58 W, 45, 1950 MHz, 9501 MHz
2026/10/03 16:45:04.034, 0, 20964 MiB, 14 %, 127.88 W, 50, 1695 MHz, 9501 MHz
2026/10/03 16:45:04.035, 1, 20964 MiB, 100 %, 169.86 W, 45, 1950 MHz, 9501 MHz
2026/10/03 16:45:05.037, 0, 20964 MiB, 13 %, 128.01 W, 50, 1695 MHz, 9501 MHz
2026/10/03 16:45:05.037, 1, 20964 MiB, 100 %, 169.89 W, 45, 1950 MHz, 9501 MHz
2026/10/03 16:45:06.039, 0, 20964 MiB, 14 %, 128.01 W, 50, 1695 MHz, 9501 MHz
2026/10/03 16:45:06.040, 1, 20964 MiB, 100 %, 169.89 W, 45, 1950 MHz, 9501 MHz
2026/10/03 16:45:07.042, 0, 20964 MiB, 13 %, 127.61 W, 50, 1695 MHz, 9501 MHz
2026/10/03 16:45:07.042, 1, 20964 MiB, 100 %, 169.89 W, 45, 1950 MHz, 9501 MHz
2026/10/03 16:45:08.044, 0, 20964 MiB, 13 %, 127.69 W, 50, 1695 MHz, 9501 MHz
2026/10/03 16:45:08.045, 1, 20964 MiB, 100 %, 169.79 W, 45, 1950 MHz, 9501 MHz
2026/10/03 16:45:09.047, 0, 20964 MiB, 100 %, 135.51 W, 51, 1695 MHz, 9501 MHz
2026/10/03 16:45:09.047, 1, 20964 MiB, 100 %, 180.64 W, 47, 1950 MHz, 9501 MHz
2026/10/03 16:45:10.048, 0, 20964 MiB, 12 %, 173.43 W, 52, 1995 MHz, 9501 MHz
2026/10/03 16:45:10.048, 1, 20964 MiB, 100 %, 174.17 W, 46, 1950 MHz, 9501 MHz
2026/10/03 16:45:11.049, 0, 20964 MiB, 12 %, 160.32 W, 51, 1995 MHz, 9501 MHz
2026/10/03 16:45:11.050, 1, 20964 MiB, 100 %, 169.78 W, 46, 1950 MHz, 9501 MHz
2026/10/03 16:45:12.051, 0, 20964 MiB, 14 %, 143.16 W, 50, 1695 MHz, 9501 MHz
2026/10/03 16:45:12.051, 1, 20964 MiB, 100 %, 170.14 W, 46, 1950 MHz, 9501 MHz
2026/10/03 16:45:13.052, 0, 20964 MiB, 13 %, 127.63 W, 50, 1695 MHz, 9501 MHz
2026/10/03 16:45:13.053, 1, 20964 MiB, 100 %, 169.92 W, 46, 1950 MHz, 9501 MHz
2026/10/03 16:45:14.054, 0, 20964 MiB, 13 %, 127.45 W, 50, 1695 MHz, 9501 MHz
2026/10/03 16:45:14.054, 1, 20964 MiB, 100 %, 169.69 W, 46, 1950 MHz, 9501 MHz
2026/10/03 16:45:15.055, 0, 20964 MiB, 100 %, 153.27 W, 52, 1995 MHz, 9501 MHz
2026/10/03 16:45:15.057, 1, 20964 MiB, 12 %, 160.67 W, 45, 1950 MHz, 9501 MHz
2026/10/03 16:45:16.059, 0, 20964 MiB, 26 %, 172.90 W, 52, 1995 MHz, 9501 MHz
2026/10/03 16:45:16.059, 1, 20964 MiB, 60 %, 157.68 W, 45, 1950 MHz, 9501 MHz
2026/10/03 16:45:17.061, 0, 20964 MiB, 11 %, 160.32 W, 52, 1995 MHz, 9501 MHz
2026/10/03 16:45:17.062, 1, 20964 MiB, 100 %, 168.91 W, 46, 1950 MHz, 9501 MHz
2026/10/03 16:45:18.072, 0, 20964 MiB, 13 %, 154.62 W, 51, 1695 MHz, 9501 MHz
2026/10/03 16:45:18.072, 1, 20964 MiB, 100 %, 169.49 W, 46, 1950 MHz, 9501 MHz
2026/10/03 16:45:19.082, 0, 20964 MiB, 12 %, 127.33 W, 50, 1695 MHz, 9501 MHz
2026/10/03 16:45:19.082, 1, 20964 MiB, 100 %, 169.41 W, 46, 1950 MHz, 9501 MHz
2026/10/03 16:45:20.090, 0, 20964 MiB, 13 %, 127.04 W, 50, 1695 MHz, 9501 MHz
2026/10/03 16:45:20.091, 1, 20964 MiB, 100 %, 169.20 W, 46, 1950 MHz, 9501 MHz
2026/10/03 16:45:21.099, 0, 20964 MiB, 13 %, 127.30 W, 50, 1695 MHz, 9501 MHz
2026/10/03 16:45:21.099, 1, 20964 MiB, 100 %, 169.61 W, 46, 1950 MHz, 9501 MHz
2026/10/03 16:45:22.105, 0, 20964 MiB, 13 %, 127.47 W, 50, 1695 MHz, 9501 MHz
2026/10/03 16:45:22.105, 1, 20964 MiB, 100 %, 169.85 W, 46, 1950 MHz, 9501 MHz
2026/10/03 16:45:23.111, 0, 20964 MiB, 13 %, 127.53 W, 50, 1695 MHz, 9501 MHz
2026/10/03 16:45:23.111, 1, 20964 MiB, 100 %, 170.11 W, 46, 1950 MHz, 9501 MHz
2026/10/03 16:45:24.117, 0, 20964 MiB, 44 %, 128.16 W, 50, 1695 MHz, 9501 MHz
2026/10/03 16:45:24.117, 1, 20964 MiB, 81 %, 170.29 W, 46, 1950 MHz, 9501 MHz
2026/10/03 16:45:25.121, 0, 20964 MiB, 12 %, 163.68 W, 51, 1995 MHz, 9501 MHz
2026/10/03 16:45:25.121, 1, 20964 MiB, 100 %, 185.68 W, 46, 1950 MHz, 9501 MHz
2026/10/03 16:45:26.126, 0, 20964 MiB, 12 %, 160.02 W, 52, 1995 MHz, 9501 MHz
2026/10/03 16:45:26.126, 1, 20964 MiB, 100 %, 169.90 W, 46, 1950 MHz, 9501 MHz
2026/10/03 16:45:27.130, 0, 20964 MiB, 14 %, 131.12 W, 50, 1695 MHz, 9501 MHz
2026/10/03 16:45:27.130, 1, 20964 MiB, 100 %, 170.29 W, 46, 1950 MHz, 9501 MHz
2026/10/03 16:45:28.134, 0, 20964 MiB, 14 %, 127.68 W, 50, 1695 MHz, 9501 MHz
2026/10/03 16:45:28.134, 1, 20964 MiB, 100 %, 170.36 W, 46, 1950 MHz, 9501 MHz
2026/10/03 16:45:29.137, 0, 20964 MiB, 14 %, 127.52 W, 50, 1695 MHz, 9501 MHz
2026/10/03 16:45:29.137, 1, 20964 MiB, 100 %, 170.23 W, 46, 1950 MHz, 9501 MHz
2026/10/03 16:45:30.141, 0, 20964 MiB, 13 %, 127.57 W, 50, 1695 MHz, 9501 MHz
2026/10/03 16:45:30.141, 1, 20964 MiB, 100 %, 170.29 W, 46, 1950 MHz, 9501 MHz
2026/10/03 16:45:31.143, 0, 20964 MiB, 13 %, 127.30 W, 50, 1695 MHz, 9501 MHz
2026/10/03 16:45:31.143, 1, 20964 MiB, 100 %, 169.95 W, 46, 1950 MHz, 9501 MHz
2026/10/03 16:45:32.146, 0, 20964 MiB, 13 %, 127.25 W, 50, 1695 MHz, 9501 MHz
2026/10/03 16:45:32.146, 1, 20964 MiB, 100 %, 169.98 W, 46, 1950 MHz, 9501 MHz
2026/10/03 16:45:33.148, 0, 20964 MiB, 13 %, 127.38 W, 50, 1695 MHz, 9501 MHz
2026/10/03 16:45:33.149, 1, 20964 MiB, 100 %, 170.32 W, 46, 1950 MHz, 9501 MHz
2026/10/03 16:45:34.151, 0, 20964 MiB, 12 %, 127.03 W, 50, 1695 MHz, 9501 MHz
2026/10/03 16:45:34.151, 1, 20964 MiB, 100 %, 170.03 W, 46, 1950 MHz, 9501 MHz
2026/10/03 16:45:35.153, 0, 20964 MiB, 13 %, 127.21 W, 50, 1695 MHz, 9501 MHz
2026/10/03 16:45:35.154, 1, 20964 MiB, 100 %, 170.29 W, 46, 1950 MHz, 9501 MHz
2026/10/03 16:45:36.156, 0, 20964 MiB, 14 %, 126.99 W, 50, 1695 MHz, 9501 MHz
2026/10/03 16:45:36.156, 1, 20964 MiB, 100 %, 170.03 W, 46, 1950 MHz, 9501 MHz
2026/10/03 16:45:37.158, 0, 20964 MiB, 14 %, 127.33 W, 50, 1695 MHz, 9501 MHz
2026/10/03 16:45:37.159, 1, 20964 MiB, 100 %, 170.14 W, 46, 1950 MHz, 9501 MHz
2026/10/03 16:45:38.161, 0, 20964 MiB, 14 %, 127.23 W, 50, 1695 MHz, 9501 MHz
2026/10/03 16:45:38.161, 1, 20964 MiB, 100 %, 170.28 W, 46, 1950 MHz, 9501 MHz
2026/10/03 16:45:39.162, 0, 20964 MiB, 99 %, 130.94 W, 51, 1695 MHz, 9501 MHz
2026/10/03 16:45:39.162, 1, 20964 MiB, 88 %, 174.69 W, 47, 1950 MHz, 9501 MHz
2026/10/03 16:45:40.164, 0, 20964 MiB, 12 %, 174.14 W, 51, 1995 MHz, 9501 MHz
2026/10/03 16:45:40.164, 1, 20964 MiB, 100 %, 186.80 W, 46, 1950 MHz, 9501 MHz
2026/10/03 16:45:41.165, 0, 20964 MiB, 12 %, 160.19 W, 51, 1995 MHz, 9501 MHz
2026/10/03 16:45:41.165, 1, 20964 MiB, 100 %, 170.21 W, 46, 1950 MHz, 9501 MHz
2026/10/03 16:45:42.167, 0, 20964 MiB, 13 %, 130.46 W, 50, 1695 MHz, 9501 MHz
2026/10/03 16:45:42.167, 1, 20964 MiB, 100 %, 169.84 W, 46, 1950 MHz, 9501 MHz
2026/10/03 16:45:43.168, 0, 20964 MiB, 14 %, 127.41 W, 50, 1695 MHz, 9501 MHz
2026/10/03 16:45:43.168, 1, 20964 MiB, 100 %, 170.37 W, 46, 1950 MHz, 9501 MHz
2026/10/03 16:45:44.169, 0, 20964 MiB, 13 %, 127.13 W, 50, 1695 MHz, 9501 MHz
2026/10/03 16:45:44.170, 1, 20964 MiB, 100 %, 170.06 W, 46, 1950 MHz, 9501 MHz
2026/10/03 16:45:45.171, 0, 20964 MiB, 13 %, 126.92 W, 50, 1695 MHz, 9501 MHz
2026/10/03 16:45:45.171, 1, 20964 MiB, 100 %, 169.89 W, 46, 1950 MHz, 9501 MHz
2026/10/03 16:45:46.172, 0, 20964 MiB, 13 %, 126.90 W, 50, 1695 MHz, 9501 MHz
2026/10/03 16:45:46.173, 1, 20964 MiB, 100 %, 170.16 W, 47, 1950 MHz, 9501 MHz
2026/10/03 16:45:47.174, 0, 20964 MiB, 13 %, 126.89 W, 50, 1695 MHz, 9501 MHz
2026/10/03 16:45:47.174, 1, 20964 MiB, 100 %, 170.22 W, 47, 1950 MHz, 9501 MHz
2026/10/03 16:45:48.175, 0, 20964 MiB, 14 %, 127.14 W, 50, 1695 MHz, 9501 MHz
2026/10/03 16:45:48.175, 1, 20964 MiB, 100 %, 170.45 W, 47, 1950 MHz, 9501 MHz
2026/10/03 16:45:49.177, 0, 20964 MiB, 14 %, 127.50 W, 50, 1695 MHz, 9501 MHz
2026/10/03 16:45:49.177, 1, 20964 MiB, 100 %, 170.96 W, 47, 1950 MHz, 9501 MHz
2026/10/03 16:45:50.177, 0, 20964 MiB, 13 %, 127.47 W, 50, 1695 MHz, 9501 MHz
2026/10/03 16:45:50.177, 1, 20964 MiB, 100 %, 170.90 W, 47, 1950 MHz, 9501 MHz
2026/10/03 16:45:51.177, 0, 20964 MiB, 13 %, 127.29 W, 50, 1695 MHz, 9501 MHz
2026/10/03 16:45:51.178, 1, 20964 MiB, 100 %, 170.84 W, 47, 1950 MHz, 9501 MHz
2026/10/03 16:45:52.178, 0, 20964 MiB, 13 %, 127.21 W, 50, 1695 MHz, 9501 MHz
2026/10/03 16:45:52.178, 1, 20964 MiB, 100 %, 170.93 W, 47, 1950 MHz, 9501 MHz
2026/10/03 16:45:53.178, 0, 20964 MiB, 13 %, 127.18 W, 49, 1695 MHz, 9501 MHz
2026/10/03 16:45:53.178, 1, 20964 MiB, 100 %, 170.72 W, 47, 1950 MHz, 9501 MHz
2026/10/03 16:45:54.178, 0, 20964 MiB, 99 %, 130.81 W, 51, 1995 MHz, 9501 MHz
2026/10/03 16:45:54.179, 1, 20964 MiB, 87 %, 175.45 W, 48, 1950 MHz, 9501 MHz
2026/10/03 16:45:55.179, 0, 20964 MiB, 12 %, 173.09 W, 51, 1995 MHz, 9501 MHz
2026/10/03 16:45:55.179, 1, 20964 MiB, 100 %, 186.62 W, 47, 1950 MHz, 9501 MHz
2026/10/03 16:45:56.179, 0, 20964 MiB, 12 %, 160.40 W, 51, 1695 MHz, 9501 MHz
2026/10/03 16:45:56.179, 1, 20964 MiB, 100 %, 171.07 W, 47, 1950 MHz, 9501 MHz
2026/10/03 16:45:57.180, 0, 20964 MiB, 13 %, 131.15 W, 50, 1695 MHz, 9501 MHz
2026/10/03 16:45:57.180, 1, 20964 MiB, 100 %, 171.01 W, 47, 1950 MHz, 9501 MHz
2026/10/03 16:45:58.180, 0, 20964 MiB, 14 %, 127.37 W, 50, 1695 MHz, 9501 MHz
2026/10/03 16:45:58.180, 1, 20964 MiB, 100 %, 170.95 W, 48, 1950 MHz, 9501 MHz
2026/10/03 16:45:59.180, 0, 20964 MiB, 14 %, 127.39 W, 50, 1695 MHz, 9501 MHz
2026/10/03 16:45:59.181, 1, 20964 MiB, 100 %, 171.13 W, 48, 1950 MHz, 9501 MHz
2026/10/03 16:46:00.181, 0, 20964 MiB, 14 %, 127.58 W, 50, 1695 MHz, 9501 MHz
2026/10/03 16:46:00.181, 1, 20964 MiB, 100 %, 171.25 W, 48, 1950 MHz, 9501 MHz
2026/10/03 16:46:01.181, 0, 20964 MiB, 13 %, 127.55 W, 50, 1695 MHz, 9501 MHz
2026/10/03 16:46:01.181, 1, 20964 MiB, 100 %, 171.35 W, 48, 1950 MHz, 9501 MHz
2026/10/03 16:46:02.181, 0, 20964 MiB, 14 %, 127.44 W, 50, 1695 MHz, 9501 MHz
2026/10/03 16:46:02.181, 1, 20964 MiB, 100 %, 171.40 W, 48, 1950 MHz, 9501 MHz
2026/10/03 16:46:03.182, 0, 20964 MiB, 13 %, 127.59 W, 50, 1695 MHz, 9501 MHz
2026/10/03 16:46:03.182, 1, 20964 MiB, 100 %, 171.85 W, 48, 1950 MHz, 9501 MHz
2026/10/03 16:46:04.182, 0, 20964 MiB, 13 %, 127.45 W, 50, 1695 MHz, 9501 MHz
2026/10/03 16:46:04.182, 1, 20964 MiB, 100 %, 171.66 W, 48, 1950 MHz, 9501 MHz
2026/10/03 16:46:05.182, 0, 20964 MiB, 13 %, 127.26 W, 50, 1695 MHz, 9501 MHz
2026/10/03 16:46:05.182, 1, 20964 MiB, 100 %, 171.51 W, 48, 1950 MHz, 9501 MHz
2026/10/03 16:46:06.182, 0, 20964 MiB, 12 %, 127.35 W, 50, 1695 MHz, 9501 MHz
2026/10/03 16:46:06.183, 1, 20964 MiB, 100 %, 171.73 W, 49, 1950 MHz, 9501 MHz
2026/10/03 16:46:07.183, 0, 20964 MiB, 13 %, 126.93 W, 50, 1695 MHz, 9501 MHz
2026/10/03 16:46:07.183, 1, 20964 MiB, 100 %, 171.64 W, 49, 1950 MHz, 9501 MHz
2026/10/03 16:46:08.183, 0, 20964 MiB, 13 %, 126.87 W, 50, 1695 MHz, 9501 MHz
2026/10/03 16:46:08.183, 1, 20964 MiB, 100 %, 171.69 W, 49, 1950 MHz, 9501 MHz
2026/10/03 16:46:09.183, 0, 20964 MiB, 100 %, 135.06 W, 51, 1995 MHz, 9501 MHz
2026/10/03 16:46:09.183, 1, 20964 MiB, 100 %, 182.83 W, 50, 1950 MHz, 9501 MHz
2026/10/03 16:46:10.184, 0, 20964 MiB, 12 %, 165.56 W, 51, 1995 MHz, 9501 MHz
2026/10/03 16:46:10.184, 1, 20964 MiB, 100 %, 182.68 W, 49, 1950 MHz, 9501 MHz
2026/10/03 16:46:11.184, 0, 20964 MiB, 12 %, 159.72 W, 51, 1695 MHz, 9501 MHz
2026/10/03 16:46:11.184, 1, 20964 MiB, 100 %, 171.85 W, 49, 1950 MHz, 9501 MHz
2026/10/03 16:46:12.184, 0, 20964 MiB, 13 %, 130.82 W, 50, 1695 MHz, 9501 MHz
2026/10/03 16:46:12.184, 1, 20964 MiB, 100 %, 172.41 W, 49, 1950 MHz, 9501 MHz
2026/10/03 16:46:13.184, 0, 20964 MiB, 13 %, 127.36 W, 50, 1695 MHz, 9501 MHz
2026/10/03 16:46:13.185, 1, 20964 MiB, 100 %, 172.42 W, 49, 1950 MHz, 9501 MHz
2026/10/03 16:46:14.185, 0, 20964 MiB, 13 %, 127.30 W, 50, 1695 MHz, 9501 MHz
2026/10/03 16:46:14.185, 1, 20964 MiB, 100 %, 172.45 W, 50, 1950 MHz, 9501 MHz
2026/10/03 16:46:15.185, 0, 20964 MiB, 13 %, 127.20 W, 50, 1695 MHz, 9501 MHz
2026/10/03 16:46:15.185, 1, 20964 MiB, 100 %, 172.66 W, 50, 1950 MHz, 9501 MHz
2026/10/03 16:46:16.186, 0, 20964 MiB, 14 %, 127.53 W, 50, 1695 MHz, 9501 MHz
2026/10/03 16:46:16.186, 1, 20964 MiB, 100 %, 172.92 W, 50, 1950 MHz, 9501 MHz
2026/10/03 16:46:17.186, 0, 20964 MiB, 14 %, 127.28 W, 50, 1695 MHz, 9501 MHz
2026/10/03 16:46:17.186, 1, 20964 MiB, 100 %, 172.74 W, 50, 1950 MHz, 9501 MHz
2026/10/03 16:46:18.186, 0, 20964 MiB, 14 %, 127.48 W, 50, 1695 MHz, 9501 MHz
2026/10/03 16:46:18.186, 1, 20964 MiB, 100 %, 173.25 W, 50, 1950 MHz, 9501 MHz
2026/10/03 16:46:19.186, 0, 20964 MiB, 14 %, 127.53 W, 50, 1695 MHz, 9501 MHz
2026/10/03 16:46:19.187, 1, 20964 MiB, 100 %, 173.29 W, 50, 1950 MHz, 9501 MHz
2026/10/03 16:46:20.187, 0, 20964 MiB, 14 %, 127.46 W, 50, 1695 MHz, 9501 MHz
2026/10/03 16:46:20.187, 1, 20964 MiB, 100 %, 173.18 W, 50, 1950 MHz, 9501 MHz
2026/10/03 16:46:21.187, 0, 20964 MiB, 14 %, 127.46 W, 50, 1695 MHz, 9501 MHz
2026/10/03 16:46:21.187, 1, 20964 MiB, 100 %, 173.52 W, 50, 1950 MHz, 9501 MHz
2026/10/03 16:46:22.187, 0, 20964 MiB, 13 %, 127.14 W, 50, 1695 MHz, 9501 MHz
2026/10/03 16:46:22.187, 1, 20964 MiB, 100 %, 173.63 W, 50, 1950 MHz, 9501 MHz
2026/10/03 16:46:23.188, 0, 20964 MiB, 14 %, 127.22 W, 50, 1695 MHz, 9501 MHz
2026/10/03 16:46:23.188, 1, 20964 MiB, 100 %, 173.65 W, 50, 1950 MHz, 9501 MHz
2026/10/03 16:46:24.188, 0, 20964 MiB, 14 %, 147.05 W, 52, 1995 MHz, 9501 MHz
2026/10/03 16:46:24.188, 1, 20964 MiB, 100 %, 189.84 W, 51, 1965 MHz, 9501 MHz
2026/10/03 16:46:25.188, 0, 20964 MiB, 11 %, 160.55 W, 51, 1995 MHz, 9501 MHz
2026/10/03 16:46:25.188, 1, 20964 MiB, 100 %, 174.44 W, 51, 1965 MHz, 9501 MHz
2026/10/03 16:46:26.189, 0, 20964 MiB, 13 %, 154.87 W, 50, 1695 MHz, 9501 MHz
2026/10/03 16:46:26.189, 1, 20964 MiB, 100 %, 173.51 W, 51, 1965 MHz, 9501 MHz
2026/10/03 16:46:27.189, 0, 20964 MiB, 13 %, 127.61 W, 50, 1695 MHz, 9501 MHz
2026/10/03 16:46:27.189, 1, 20964 MiB, 100 %, 173.61 W, 51, 1965 MHz, 9501 MHz
2026/10/03 16:46:28.189, 0, 20964 MiB, 13 %, 127.34 W, 50, 1695 MHz, 9501 MHz
2026/10/03 16:46:28.189, 1, 20964 MiB, 100 %, 173.70 W, 51, 1965 MHz, 9501 MHz
2026/10/03 16:46:29.189, 0, 20964 MiB, 13 %, 127.34 W, 50, 1695 MHz, 9501 MHz
2026/10/03 16:46:29.190, 1, 20964 MiB, 100 %, 173.67 W, 51, 1965 MHz, 9501 MHz
2026/10/03 16:46:30.190, 0, 20964 MiB, 14 %, 127.42 W, 50, 1695 MHz, 9501 MHz
2026/10/03 16:46:30.190, 1, 20964 MiB, 100 %, 173.72 W, 51, 1965 MHz, 9501 MHz
2026/10/03 16:46:31.190, 0, 20964 MiB, 13 %, 127.42 W, 50, 1695 MHz, 9501 MHz
2026/10/03 16:46:31.190, 1, 20964 MiB, 100 %, 173.74 W, 51, 1965 MHz, 9501 MHz
2026/10/03 16:46:32.190, 0, 20964 MiB, 14 %, 127.48 W, 50, 1695 MHz, 9501 MHz
2026/10/03 16:46:32.191, 1, 20964 MiB, 100 %, 173.93 W, 51, 1965 MHz, 9501 MHz
2026/10/03 16:46:33.191, 0, 20964 MiB, 13 %, 127.61 W, 50, 1695 MHz, 9501 MHz
2026/10/03 16:46:33.191, 1, 20964 MiB, 100 %, 174.10 W, 51, 1965 MHz, 9501 MHz
2026/10/03 16:46:34.191, 0, 20964 MiB, 14 %, 127.58 W, 50, 1695 MHz, 9501 MHz
2026/10/03 16:46:34.191, 1, 20964 MiB, 100 %, 174.38 W, 51, 1965 MHz, 9501 MHz
2026/10/03 16:46:35.191, 0, 20964 MiB, 13 %, 127.45 W, 50, 1695 MHz, 9501 MHz
2026/10/03 16:46:35.191, 1, 20964 MiB, 100 %, 174.36 W, 51, 1965 MHz, 9501 MHz
2026/10/03 16:46:36.192, 0, 20964 MiB, 14 %, 127.39 W, 50, 1695 MHz, 9501 MHz
2026/10/03 16:46:36.192, 1, 20964 MiB, 100 %, 174.43 W, 51, 1965 MHz, 9501 MHz
2026/10/03 16:46:37.192, 0, 20964 MiB, 14 %, 127.18 W, 50, 1695 MHz, 9501 MHz
2026/10/03 16:46:37.192, 1, 20964 MiB, 100 %, 174.36 W, 51, 1965 MHz, 9501 MHz
2026/10/03 16:46:38.192, 0, 20964 MiB, 14 %, 127.23 W, 50, 1695 MHz, 9501 MHz
2026/10/03 16:46:38.192, 1, 20964 MiB, 100 %, 174.40 W, 51, 1965 MHz, 9501 MHz
2026/10/03 16:46:39.192, 0, 20964 MiB, 12 %, 153.88 W, 51, 1995 MHz, 9501 MHz
2026/10/03 16:46:39.192, 1, 20964 MiB, 100 %, 190.92 W, 52, 1965 MHz, 9501 MHz
2026/10/03 16:46:40.193, 0, 20964 MiB, 12 %, 160.65 W, 51, 1995 MHz, 9501 MHz
2026/10/03 16:46:40.193, 1, 20964 MiB, 100 %, 174.77 W, 51, 1965 MHz, 9501 MHz
2026/10/03 16:46:41.193, 0, 20964 MiB, 13 %, 149.25 W, 50, 1695 MHz, 9501 MHz
2026/10/03 16:46:41.193, 1, 20964 MiB, 100 %, 174.54 W, 52, 1965 MHz, 9501 MHz
2026/10/03 16:46:42.193, 0, 20964 MiB, 14 %, 127.82 W, 50, 1695 MHz, 9501 MHz
2026/10/03 16:46:42.194, 1, 20964 MiB, 100 %, 174.60 W, 52, 1965 MHz, 9501 MHz
2026/10/03 16:46:43.194, 0, 20964 MiB, 13 %, 127.86 W, 50, 1695 MHz, 9501 MHz
2026/10/03 16:46:43.194, 1, 20964 MiB, 100 %, 174.65 W, 52, 1965 MHz, 9501 MHz
2026/10/03 16:46:44.194, 0, 20964 MiB, 13 %, 127.57 W, 50, 1695 MHz, 9501 MHz
2026/10/03 16:46:44.194, 1, 20964 MiB, 100 %, 174.60 W, 52, 1965 MHz, 9501 MHz
2026/10/03 16:46:45.194, 0, 20964 MiB, 14 %, 127.44 W, 50, 1695 MHz, 9501 MHz
2026/10/03 16:46:45.194, 1, 20964 MiB, 100 %, 174.65 W, 52, 1965 MHz, 9501 MHz
2026/10/03 16:46:46.195, 0, 20964 MiB, 13 %, 127.73 W, 50, 1695 MHz, 9501 MHz
2026/10/03 16:46:46.195, 1, 20964 MiB, 100 %, 174.86 W, 52, 1965 MHz, 9501 MHz
2026/10/03 16:46:47.195, 0, 20964 MiB, 14 %, 127.56 W, 50, 1695 MHz, 9501 MHz
2026/10/03 16:46:47.195, 1, 20964 MiB, 100 %, 174.93 W, 52, 1965 MHz, 9501 MHz
2026/10/03 16:46:48.195, 0, 20964 MiB, 13 %, 127.53 W, 50, 1695 MHz, 9501 MHz
2026/10/03 16:46:48.196, 1, 20964 MiB, 100 %, 174.78 W, 52, 1965 MHz, 9501 MHz
2026/10/03 16:46:49.196, 0, 20964 MiB, 14 %, 127.39 W, 50, 1695 MHz, 9501 MHz
2026/10/03 16:46:49.196, 1, 20964 MiB, 100 %, 175.07 W, 52, 1965 MHz, 9501 MHz
2026/10/03 16:46:50.196, 0, 20964 MiB, 13 %, 127.64 W, 50, 1695 MHz, 9501 MHz
2026/10/03 16:46:50.196, 1, 20964 MiB, 100 %, 174.91 W, 52, 1965 MHz, 9501 MHz
2026/10/03 16:46:51.196, 0, 20964 MiB, 13 %, 127.60 W, 50, 1695 MHz, 9501 MHz
2026/10/03 16:46:51.196, 1, 20964 MiB, 100 %, 174.79 W, 52, 1965 MHz, 9501 MHz
2026/10/03 16:46:52.197, 0, 20964 MiB, 14 %, 127.40 W, 50, 1695 MHz, 9501 MHz
2026/10/03 16:46:52.197, 1, 20964 MiB, 100 %, 175.07 W, 52, 1965 MHz, 9501 MHz
2026/10/03 16:46:53.197, 0, 20964 MiB, 14 %, 127.43 W, 50, 1695 MHz, 9501 MHz
2026/10/03 16:46:53.197, 1, 20964 MiB, 100 %, 175.10 W, 52, 1965 MHz, 9501 MHz
2026/10/03 16:46:54.197, 0, 20964 MiB, 100 %, 163.91 W, 52, 1995 MHz, 9501 MHz
2026/10/03 16:46:54.197, 1, 20964 MiB, 12 %, 185.59 W, 52, 1965 MHz, 9501 MHz
2026/10/03 16:46:55.197, 0, 20964 MiB, 100 %, 174.04 W, 52, 1995 MHz, 9501 MHz
2026/10/03 16:46:55.197, 1, 20964 MiB, 12 %, 161.88 W, 52, 1965 MHz, 9501 MHz
2026/10/03 16:46:56.198, 0, 20964 MiB, 100 %, 174.11 W, 52, 1995 MHz, 9501 MHz
2026/10/03 16:46:56.198, 1, 20964 MiB, 14 %, 142.59 W, 51, 1695 MHz, 9501 MHz
2026/10/03 16:46:57.198, 0, 20964 MiB, 100 %, 174.24 W, 52, 1995 MHz, 9501 MHz
2026/10/03 16:46:57.198, 1, 20964 MiB, 14 %, 130.81 W, 51, 1695 MHz, 9501 MHz
2026/10/03 16:46:58.198, 0, 20964 MiB, 100 %, 174.04 W, 53, 1995 MHz, 9501 MHz
2026/10/03 16:46:58.198, 1, 20964 MiB, 12 %, 130.60 W, 51, 1695 MHz, 9501 MHz
2026/10/03 16:46:59.199, 0, 20964 MiB, 100 %, 174.34 W, 53, 1995 MHz, 9501 MHz
2026/10/03 16:46:59.199, 1, 20964 MiB, 14 %, 130.56 W, 50, 1695 MHz, 9501 MHz
2026/10/03 16:47:00.199, 0, 20964 MiB, 100 %, 174.65 W, 53, 1995 MHz, 9501 MHz
2026/10/03 16:47:00.199, 1, 20964 MiB, 14 %, 130.64 W, 50, 1695 MHz, 9501 MHz
2026/10/03 16:47:01.199, 0, 20964 MiB, 100 %, 174.70 W, 53, 1995 MHz, 9501 MHz
2026/10/03 16:47:01.199, 1, 20964 MiB, 14 %, 130.59 W, 50, 1695 MHz, 9501 MHz
2026/10/03 16:47:02.199, 0, 20964 MiB, 87 %, 174.86 W, 53, 1995 MHz, 9501 MHz
2026/10/03 16:47:02.200, 1, 20964 MiB, 13 %, 130.37 W, 50, 1695 MHz, 9501 MHz
2026/10/03 16:47:03.200, 0, 20964 MiB, 12 %, 162.39 W, 53, 1995 MHz, 9501 MHz
2026/10/03 16:47:03.200, 1, 20964 MiB, 100 %, 166.73 W, 52, 1965 MHz, 9501 MHz
2026/10/03 16:47:04.200, 0, 20964 MiB, 13 %, 155.58 W, 51, 1695 MHz, 9501 MHz
2026/10/03 16:47:04.200, 1, 20964 MiB, 100 %, 174.62 W, 52, 1965 MHz, 9501 MHz
2026/10/03 16:47:05.200, 0, 20964 MiB, 13 %, 128.12 W, 51, 1695 MHz, 9501 MHz
2026/10/03 16:47:05.200, 1, 20964 MiB, 100 %, 174.72 W, 52, 1965 MHz, 9501 MHz
2026/10/03 16:47:06.201, 0, 20964 MiB, 13 %, 127.92 W, 51, 1695 MHz, 9501 MHz
2026/10/03 16:47:06.201, 1, 20964 MiB, 100 %, 174.72 W, 52, 1965 MHz, 9501 MHz
2026/10/03 16:47:07.201, 0, 20964 MiB, 14 %, 127.77 W, 51, 1695 MHz, 9501 MHz
2026/10/03 16:47:07.201, 1, 20964 MiB, 100 %, 174.52 W, 52, 1965 MHz, 9501 MHz
2026/10/03 16:47:08.201, 0, 20964 MiB, 2 %, 127.11 W, 51, 1695 MHz, 9501 MHz
2026/10/03 16:47:08.201, 1, 20964 MiB, 24 %, 172.97 W, 52, 1965 MHz, 9501 MHz
2026/10/03 16:47:09.201, 0, 20964 MiB, 0 %, 119.38 W, 50, 1695 MHz, 9501 MHz
2026/10/03 16:47:09.202, 1, 20964 MiB, 0 %, 150.50 W, 51, 1965 MHz, 9501 MHz
2026/10/03 16:47:10.202, 0, 20964 MiB, 0 %, 118.06 W, 50, 1695 MHz, 9501 MHz
2026/10/03 16:47:10.202, 1, 20964 MiB, 0 %, 142.34 W, 51, 1695 MHz, 9501 MHz
2026/10/03 16:47:11.202, 0, 20964 MiB, 0 %, 117.98 W, 50, 1695 MHz, 9501 MHz
2026/10/03 16:47:11.202, 1, 20964 MiB, 0 %, 131.40 W, 50, 1695 MHz, 9501 MHz
2026/10/03 16:47:12.202, 0, 20964 MiB, 0 %, 117.95 W, 50, 1695 MHz, 9501 MHz
2026/10/03 16:47:12.203, 1, 20964 MiB, 0 %, 120.43 W, 50, 1695 MHz, 9501 MHz
2026/10/03 16:47:13.203, 0, 20964 MiB, 0 %, 117.96 W, 50, 1695 MHz, 9501 MHz
2026/10/03 16:47:13.203, 1, 20964 MiB, 0 %, 119.88 W, 50, 1695 MHz, 9501 MHz
2026/10/03 16:47:14.203, 0, 20964 MiB, 0 %, 117.94 W, 50, 1695 MHz, 9501 MHz
2026/10/03 16:47:14.203, 1, 20964 MiB, 0 %, 119.91 W, 50, 1695 MHz, 9501 MHz
2026/10/03 16:47:15.203, 0, 20964 MiB, 0 %, 117.82 W, 50, 1695 MHz, 9501 MHz
2026/10/03 16:47:15.204, 1, 20964 MiB, 0 %, 119.93 W, 50, 1695 MHz, 9501 MHz
2026/10/03 16:47:16.204, 0, 20964 MiB, 0 %, 117.71 W, 50, 1695 MHz, 9501 MHz
2026/10/03 16:47:16.204, 1, 20964 MiB, 0 %, 119.81 W, 50, 1695 MHz, 9501 MHz
2026/10/03 16:47:17.204, 0, 20964 MiB, 0 %, 117.65 W, 50, 1695 MHz, 9501 MHz
2026/10/03 16:47:17.204, 1, 20964 MiB, 0 %, 119.65 W, 50, 1695 MHz, 9501 MHz
2026/10/03 16:47:18.204, 0, 20964 MiB, 14 %, 159.19 W, 52, 1995 MHz, 9501 MHz
2026/10/03 16:47:18.205, 1, 20964 MiB, 100 %, 156.56 W, 52, 1965 MHz, 9501 MHz
2026/10/03 16:47:19.205, 0, 20964 MiB, 13 %, 162.60 W, 52, 1995 MHz, 9501 MHz
2026/10/03 16:47:19.205, 1, 20964 MiB, 100 %, 189.38 W, 51, 1965 MHz, 9501 MHz
2026/10/03 16:47:20.205, 0, 20964 MiB, 16 %, 148.24 W, 51, 1695 MHz, 9501 MHz
2026/10/03 16:47:20.205, 1, 20964 MiB, 100 %, 176.76 W, 51, 1965 MHz, 9501 MHz
2026/10/03 16:47:21.205, 0, 20964 MiB, 16 %, 129.26 W, 51, 1695 MHz, 9501 MHz
2026/10/03 16:47:21.206, 1, 20964 MiB, 100 %, 177.15 W, 52, 1965 MHz, 9501 MHz
2026/10/03 16:47:22.206, 0, 20964 MiB, 15 %, 129.13 W, 50, 1695 MHz, 9501 MHz
2026/10/03 16:47:22.206, 1, 20964 MiB, 100 %, 177.32 W, 52, 1965 MHz, 9501 MHz
2026/10/03 16:47:23.206, 0, 20964 MiB, 15 %, 129.43 W, 50, 1695 MHz, 9501 MHz
2026/10/03 16:47:23.206, 1, 20964 MiB, 100 %, 177.27 W, 52, 1965 MHz, 9501 MHz
2026/10/03 16:47:24.206, 0, 20964 MiB, 15 %, 129.32 W, 50, 1695 MHz, 9501 MHz
2026/10/03 16:47:24.206, 1, 20964 MiB, 100 %, 177.53 W, 52, 1965 MHz, 9501 MHz
2026/10/03 16:47:25.207, 0, 20964 MiB, 14 %, 129.07 W, 50, 1695 MHz, 9501 MHz
2026/10/03 16:47:25.207, 1, 20964 MiB, 100 %, 177.64 W, 52, 1965 MHz, 9501 MHz
2026/10/03 16:47:26.207, 0, 20964 MiB, 15 %, 129.21 W, 50, 1695 MHz, 9501 MHz
2026/10/03 16:47:26.207, 1, 20964 MiB, 100 %, 177.70 W, 52, 1965 MHz, 9501 MHz
2026/10/03 16:47:27.207, 0, 20964 MiB, 16 %, 129.38 W, 50, 1695 MHz, 9501 MHz
2026/10/03 16:47:27.207, 1, 20964 MiB, 100 %, 178.10 W, 52, 1965 MHz, 9501 MHz
2026/10/03 16:47:28.208, 0, 20964 MiB, 15 %, 128.99 W, 50, 1695 MHz, 9501 MHz
2026/10/03 16:47:28.208, 1, 20964 MiB, 100 %, 178.12 W, 52, 1965 MHz, 9501 MHz
2026/10/03 16:47:29.208, 0, 20964 MiB, 16 %, 129.26 W, 50, 1695 MHz, 9501 MHz
2026/10/03 16:47:29.208, 1, 20964 MiB, 100 %, 178.19 W, 52, 1965 MHz, 9501 MHz
2026/10/03 16:47:30.208, 0, 20964 MiB, 15 %, 129.26 W, 50, 1695 MHz, 9501 MHz
2026/10/03 16:47:30.208, 1, 20964 MiB, 100 %, 178.18 W, 52, 1965 MHz, 9501 MHz
2026/10/03 16:47:31.208, 0, 20964 MiB, 15 %, 129.18 W, 50, 1695 MHz, 9501 MHz
2026/10/03 16:47:31.209, 1, 20964 MiB, 100 %, 178.23 W, 52, 1965 MHz, 9501 MHz
2026/10/03 16:47:32.209, 0, 20964 MiB, 15 %, 128.97 W, 50, 1695 MHz, 9501 MHz
2026/10/03 16:47:32.209, 1, 20964 MiB, 100 %, 178.27 W, 52, 1965 MHz, 9501 MHz
2026/10/03 16:47:33.209, 0, 20964 MiB, 100 %, 166.25 W, 54, 1995 MHz, 9501 MHz
2026/10/03 16:47:33.209, 1, 20964 MiB, 100 %, 205.12 W, 54, 1965 MHz, 9501 MHz
2026/10/03 16:47:34.210, 0, 20964 MiB, 13 %, 174.08 W, 52, 1995 MHz, 9501 MHz
2026/10/03 16:47:34.210, 1, 20964 MiB, 100 %, 188.29 W, 53, 1965 MHz, 9501 MHz
2026/10/03 16:47:35.210, 0, 20964 MiB, 15 %, 160.61 W, 51, 1695 MHz, 9501 MHz
2026/10/03 16:47:35.210, 1, 20964 MiB, 100 %, 178.79 W, 53, 1965 MHz, 9501 MHz
2026/10/03 16:47:36.210, 0, 20964 MiB, 15 %, 130.46 W, 51, 1695 MHz, 9501 MHz
2026/10/03 16:47:36.211, 1, 20964 MiB, 100 %, 179.62 W, 53, 1965 MHz, 9501 MHz
2026/10/03 16:47:37.211, 0, 20964 MiB, 15 %, 129.42 W, 51, 1695 MHz, 9501 MHz
2026/10/03 16:47:37.211, 1, 20964 MiB, 100 %, 179.39 W, 53, 1965 MHz, 9501 MHz
2026/10/03 16:47:38.211, 0, 20964 MiB, 16 %, 129.44 W, 51, 1695 MHz, 9501 MHz
2026/10/03 16:47:38.211, 1, 20964 MiB, 100 %, 179.47 W, 53, 1965 MHz, 9501 MHz
2026/10/03 16:47:39.211, 0, 20964 MiB, 15 %, 130.10 W, 50, 1695 MHz, 9501 MHz
2026/10/03 16:47:39.212, 1, 20964 MiB, 100 %, 179.91 W, 53, 1965 MHz, 9501 MHz
2026/10/03 16:47:40.212, 0, 20964 MiB, 15 %, 129.77 W, 51, 1695 MHz, 9501 MHz
2026/10/03 16:47:40.212, 1, 20964 MiB, 100 %, 179.46 W, 53, 1965 MHz, 9501 MHz
2026/10/03 16:47:41.212, 0, 20964 MiB, 16 %, 129.54 W, 50, 1695 MHz, 9501 MHz
2026/10/03 16:47:41.212, 1, 20964 MiB, 100 %, 179.51 W, 53, 1965 MHz, 9501 MHz
2026/10/03 16:47:42.212, 0, 20964 MiB, 15 %, 129.68 W, 50, 1695 MHz, 9501 MHz
2026/10/03 16:47:42.213, 1, 20964 MiB, 100 %, 179.75 W, 53, 1965 MHz, 9501 MHz
2026/10/03 16:47:43.213, 0, 20964 MiB, 15 %, 129.90 W, 50, 1695 MHz, 9501 MHz
2026/10/03 16:47:43.213, 1, 20964 MiB, 100 %, 179.75 W, 53, 1965 MHz, 9501 MHz
2026/10/03 16:47:44.213, 0, 20964 MiB, 15 %, 129.77 W, 50, 1695 MHz, 9501 MHz
2026/10/03 16:47:44.213, 1, 20964 MiB, 100 %, 179.68 W, 53, 1965 MHz, 9501 MHz
2026/10/03 16:47:45.213, 0, 20964 MiB, 15 %, 129.74 W, 50, 1695 MHz, 9501 MHz
2026/10/03 16:47:45.213, 1, 20964 MiB, 100 %, 179.69 W, 53, 1965 MHz, 9501 MHz
2026/10/03 16:47:46.214, 0, 20964 MiB, 16 %, 130.11 W, 50, 1695 MHz, 9501 MHz
2026/10/03 16:47:46.214, 1, 20964 MiB, 100 %, 180.21 W, 53, 1965 MHz, 9501 MHz
2026/10/03 16:47:47.214, 0, 20964 MiB, 16 %, 129.91 W, 50, 1695 MHz, 9501 MHz
2026/10/03 16:47:47.214, 1, 20964 MiB, 100 %, 179.98 W, 53, 1965 MHz, 9501 MHz
2026/10/03 16:47:48.214, 0, 20964 MiB, 16 %, 130.10 W, 50, 1695 MHz, 9501 MHz
2026/10/03 16:47:48.214, 1, 20964 MiB, 100 %, 180.11 W, 53, 1965 MHz, 9501 MHz
2026/10/03 16:47:49.214, 0, 20964 MiB, 100 %, 188.62 W, 53, 1995 MHz, 9501 MHz
2026/10/03 16:47:49.215, 1, 20964 MiB, 15 %, 208.11 W, 53, 1965 MHz, 9501 MHz
2026/10/03 16:47:50.215, 0, 20964 MiB, 15 %, 173.24 W, 52, 1995 MHz, 9501 MHz
2026/10/03 16:47:50.215, 1, 20964 MiB, 100 %, 172.58 W, 53, 1965 MHz, 9501 MHz
2026/10/03 16:47:51.215, 0, 20964 MiB, 14 %, 165.21 W, 52, 1995 MHz, 9501 MHz
2026/10/03 16:47:51.215, 1, 20964 MiB, 100 %, 180.84 W, 53, 1965 MHz, 9501 MHz
2026/10/03 16:47:52.216, 0, 20964 MiB, 16 %, 143.51 W, 51, 1695 MHz, 9501 MHz
2026/10/03 16:47:52.216, 1, 20964 MiB, 100 %, 180.62 W, 53, 1965 MHz, 9501 MHz
2026/10/03 16:47:53.216, 0, 20964 MiB, 15 %, 130.59 W, 51, 1695 MHz, 9501 MHz
2026/10/03 16:47:53.216, 1, 20964 MiB, 100 %, 180.66 W, 53, 1965 MHz, 9501 MHz
2026/10/03 16:47:54.216, 0, 20964 MiB, 16 %, 130.60 W, 51, 1695 MHz, 9501 MHz
2026/10/03 16:47:54.216, 1, 20964 MiB, 100 %, 180.69 W, 53, 1965 MHz, 9501 MHz
2026/10/03 16:47:55.216, 0, 20964 MiB, 15 %, 130.34 W, 51, 1695 MHz, 9501 MHz
2026/10/03 16:47:55.217, 1, 20964 MiB, 100 %, 180.40 W, 53, 1965 MHz, 9501 MHz
2026/10/03 16:47:56.217, 0, 20964 MiB, 16 %, 130.46 W, 51, 1695 MHz, 9501 MHz
2026/10/03 16:47:56.217, 1, 20964 MiB, 100 %, 180.77 W, 53, 1965 MHz, 9501 MHz
2026/10/03 16:47:57.217, 0, 20964 MiB, 16 %, 130.28 W, 51, 1695 MHz, 9501 MHz
2026/10/03 16:47:57.217, 1, 20964 MiB, 100 %, 180.74 W, 53, 1965 MHz, 9501 MHz
2026/10/03 16:47:58.217, 0, 20964 MiB, 16 %, 130.21 W, 51, 1695 MHz, 9501 MHz
2026/10/03 16:47:58.218, 1, 20964 MiB, 100 %, 180.55 W, 54, 1965 MHz, 9501 MHz
2026/10/03 16:47:59.218, 0, 20964 MiB, 16 %, 130.63 W, 51, 1695 MHz, 9501 MHz
2026/10/03 16:47:59.218, 1, 20964 MiB, 100 %, 181.26 W, 54, 1965 MHz, 9501 MHz
2026/10/03 16:48:00.218, 0, 20964 MiB, 16 %, 130.38 W, 51, 1695 MHz, 9501 MHz
2026/10/03 16:48:00.218, 1, 20964 MiB, 100 %, 180.85 W, 53, 1965 MHz, 9501 MHz
2026/10/03 16:48:01.218, 0, 20964 MiB, 15 %, 130.05 W, 51, 1695 MHz, 9501 MHz
2026/10/03 16:48:01.219, 1, 20964 MiB, 100 %, 180.40 W, 54, 1965 MHz, 9501 MHz
2026/10/03 16:48:02.219, 0, 20964 MiB, 16 %, 130.14 W, 50, 1695 MHz, 9501 MHz
2026/10/03 16:48:02.219, 1, 20964 MiB, 100 %, 180.59 W, 54, 1965 MHz, 9501 MHz
2026/10/03 16:48:03.219, 0, 20964 MiB, 15 %, 129.89 W, 51, 1695 MHz, 9501 MHz
2026/10/03 16:48:03.219, 1, 20964 MiB, 100 %, 180.49 W, 54, 1965 MHz, 9501 MHz
2026/10/03 16:48:04.219, 0, 20964 MiB, 100 %, 148.23 W, 54, 1995 MHz, 9501 MHz
2026/10/03 16:48:04.220, 1, 20964 MiB, 100 %, 204.22 W, 55, 1965 MHz, 9501 MHz
2026/10/03 16:48:05.220, 0, 20964 MiB, 15 %, 186.99 W, 52, 1995 MHz, 9501 MHz
2026/10/03 16:48:05.220, 1, 20964 MiB, 100 %, 200.41 W, 54, 1965 MHz, 9501 MHz
2026/10/03 16:48:06.220, 0, 20964 MiB, 14 %, 164.59 W, 52, 1995 MHz, 9501 MHz
2026/10/03 16:48:06.220, 1, 20964 MiB, 100 %, 180.79 W, 54, 1965 MHz, 9501 MHz
2026/10/03 16:48:07.220, 0, 20964 MiB, 17 %, 138.47 W, 51, 1695 MHz, 9501 MHz
2026/10/03 16:48:07.220, 1, 20964 MiB, 100 %, 182.53 W, 54, 1965 MHz, 9501 MHz
2026/10/03 16:48:08.221, 0, 20964 MiB, 16 %, 131.76 W, 51, 1695 MHz, 9501 MHz
2026/10/03 16:48:08.221, 1, 20964 MiB, 100 %, 182.60 W, 54, 1965 MHz, 9501 MHz
2026/10/03 16:48:09.221, 0, 20964 MiB, 16 %, 131.42 W, 51, 1695 MHz, 9501 MHz
2026/10/03 16:48:09.221, 1, 20964 MiB, 100 %, 182.30 W, 54, 1965 MHz, 9501 MHz
2026/10/03 16:48:10.221, 0, 20964 MiB, 17 %, 131.98 W, 51, 1695 MHz, 9501 MHz
2026/10/03 16:48:10.221, 1, 20964 MiB, 100 %, 182.82 W, 54, 1965 MHz, 9501 MHz
2026/10/03 16:48:11.221, 0, 20964 MiB, 16 %, 132.04 W, 51, 1695 MHz, 9501 MHz
2026/10/03 16:48:11.222, 1, 20964 MiB, 100 %, 182.98 W, 54, 1965 MHz, 9501 MHz
2026/10/03 16:48:12.222, 0, 20964 MiB, 16 %, 131.80 W, 51, 1695 MHz, 9501 MHz
2026/10/03 16:48:12.222, 1, 20964 MiB, 100 %, 182.92 W, 54, 1965 MHz, 9501 MHz
2026/10/03 16:48:13.222, 0, 20964 MiB, 17 %, 132.04 W, 51, 1695 MHz, 9501 MHz
2026/10/03 16:48:13.222, 1, 20964 MiB, 100 %, 182.77 W, 54, 1965 MHz, 9501 MHz
2026/10/03 16:48:14.222, 0, 20964 MiB, 16 %, 131.56 W, 51, 1695 MHz, 9501 MHz
2026/10/03 16:48:14.222, 1, 20964 MiB, 100 %, 182.45 W, 54, 1965 MHz, 9501 MHz
2026/10/03 16:48:15.223, 0, 20964 MiB, 17 %, 131.67 W, 51, 1695 MHz, 9501 MHz
2026/10/03 16:48:15.223, 1, 20964 MiB, 100 %, 182.88 W, 54, 1965 MHz, 9501 MHz
2026/10/03 16:48:16.223, 0, 20964 MiB, 17 %, 131.70 W, 51, 1695 MHz, 9501 MHz
2026/10/03 16:48:16.223, 1, 20964 MiB, 100 %, 182.91 W, 54, 1965 MHz, 9501 MHz
2026/10/03 16:48:17.223, 0, 20964 MiB, 16 %, 131.66 W, 51, 1695 MHz, 9501 MHz
2026/10/03 16:48:17.223, 1, 20964 MiB, 100 %, 182.23 W, 54, 1965 MHz, 9501 MHz
2026/10/03 16:48:18.223, 0, 20964 MiB, 16 %, 131.13 W, 51, 1695 MHz, 9501 MHz
2026/10/03 16:48:18.224, 1, 20964 MiB, 100 %, 181.96 W, 54, 1965 MHz, 9501 MHz
2026/10/03 16:48:19.224, 0, 20964 MiB, 16 %, 131.02 W, 51, 1695 MHz, 9501 MHz
2026/10/03 16:48:19.224, 1, 20964 MiB, 100 %, 181.72 W, 54, 1965 MHz, 9501 MHz
2026/10/03 16:48:20.224, 0, 20964 MiB, 15 %, 186.47 W, 53, 1995 MHz, 9501 MHz
2026/10/03 16:48:20.224, 1, 20964 MiB, 100 %, 212.44 W, 54, 1965 MHz, 9501 MHz
2026/10/03 16:48:21.224, 0, 20964 MiB, 14 %, 165.93 W, 52, 1995 MHz, 9501 MHz
2026/10/03 16:48:21.225, 1, 20964 MiB, 100 %, 182.13 W, 54, 1965 MHz, 9501 MHz
2026/10/03 16:48:22.225, 0, 20964 MiB, 16 %, 150.83 W, 51, 1695 MHz, 9501 MHz
2026/10/03 16:48:22.225, 1, 20964 MiB, 100 %, 182.10 W, 54, 1965 MHz, 9501 MHz
2026/10/03 16:48:23.225, 0, 20964 MiB, 16 %, 131.16 W, 51, 1695 MHz, 9501 MHz
2026/10/03 16:48:23.225, 1, 20964 MiB, 100 %, 181.86 W, 54, 1965 MHz, 9501 MHz
2026/10/03 16:48:24.225, 0, 20964 MiB, 17 %, 130.99 W, 51, 1695 MHz, 9501 MHz
2026/10/03 16:48:24.225, 1, 20964 MiB, 100 %, 181.92 W, 54, 1965 MHz, 9501 MHz
2026/10/03 16:48:25.226, 0, 20964 MiB, 17 %, 130.93 W, 51, 1695 MHz, 9501 MHz
2026/10/03 16:48:25.226, 1, 20964 MiB, 100 %, 181.68 W, 54, 1965 MHz, 9501 MHz
2026/10/03 16:48:26.226, 0, 20964 MiB, 16 %, 130.91 W, 51, 1695 MHz, 9501 MHz
2026/10/03 16:48:26.226, 1, 20964 MiB, 100 %, 181.81 W, 54, 1965 MHz, 9501 MHz
2026/10/03 16:48:27.226, 0, 20964 MiB, 15 %, 130.74 W, 51, 1695 MHz, 9501 MHz
2026/10/03 16:48:27.226, 1, 20964 MiB, 100 %, 181.37 W, 54, 1965 MHz, 9501 MHz
2026/10/03 16:48:28.226, 0, 20964 MiB, 16 %, 131.02 W, 51, 1695 MHz, 9501 MHz
2026/10/03 16:48:28.227, 1, 20964 MiB, 100 %, 181.62 W, 54, 1965 MHz, 9501 MHz
2026/10/03 16:48:29.227, 0, 20964 MiB, 16 %, 130.79 W, 51, 1695 MHz, 9501 MHz
2026/10/03 16:48:29.227, 1, 20964 MiB, 100 %, 181.50 W, 54, 1965 MHz, 9501 MHz
2026/10/03 16:48:30.227, 0, 20964 MiB, 15 %, 130.83 W, 51, 1695 MHz, 9501 MHz
2026/10/03 16:48:30.227, 1, 20964 MiB, 100 %, 181.64 W, 54, 1965 MHz, 9501 MHz
2026/10/03 16:48:31.227, 0, 20964 MiB, 16 %, 130.65 W, 51, 1695 MHz, 9501 MHz
2026/10/03 16:48:31.228, 1, 20964 MiB, 100 %, 181.19 W, 54, 1965 MHz, 9501 MHz
2026/10/03 16:48:32.235, 0, 20964 MiB, 16 %, 130.63 W, 51, 1695 MHz, 9501 MHz
2026/10/03 16:48:32.235, 1, 20964 MiB, 100 %, 181.28 W, 54, 1965 MHz, 9501 MHz
2026/10/03 16:48:33.265, 0, 20964 MiB, 15 %, 130.43 W, 51, 1695 MHz, 9501 MHz
2026/10/03 16:48:33.265, 1, 20964 MiB, 100 %, 181.36 W, 54, 1965 MHz, 9501 MHz
2026/10/03 16:48:34.291, 0, 20964 MiB, 16 %, 130.43 W, 51, 1695 MHz, 9501 MHz
2026/10/03 16:48:34.292, 1, 20964 MiB, 100 %, 181.22 W, 54, 1965 MHz, 9501 MHz
2026/10/03 16:48:35.314, 0, 20964 MiB, 100 %, 142.41 W, 53, 1995 MHz, 9501 MHz
2026/10/03 16:48:35.314, 1, 20964 MiB, 100 %, 195.56 W, 55, 1965 MHz, 9501 MHz
2026/10/03 16:48:36.334, 0, 20964 MiB, 15 %, 197.52 W, 52, 1995 MHz, 9501 MHz
2026/10/03 16:48:36.334, 1, 20964 MiB, 100 %, 203.42 W, 54, 1965 MHz, 9501 MHz
2026/10/03 16:48:37.352, 0, 20964 MiB, 15 %, 164.93 W, 52, 1995 MHz, 9501 MHz
2026/10/03 16:48:37.352, 1, 20964 MiB, 100 %, 181.02 W, 54, 1965 MHz, 9501 MHz
2026/10/03 16:48:38.367, 0, 20964 MiB, 15 %, 143.66 W, 51, 1695 MHz, 9501 MHz
2026/10/03 16:48:38.368, 1, 20964 MiB, 100 %, 181.10 W, 54, 1965 MHz, 9501 MHz
2026/10/03 16:48:39.381, 0, 20964 MiB, 16 %, 130.80 W, 51, 1695 MHz, 9501 MHz
2026/10/03 16:48:39.381, 1, 20964 MiB, 100 %, 181.02 W, 54, 1965 MHz, 9501 MHz
2026/10/03 16:48:40.394, 0, 20964 MiB, 16 %, 130.86 W, 51, 1695 MHz, 9501 MHz
2026/10/03 16:48:40.394, 1, 20964 MiB, 100 %, 181.04 W, 54, 1965 MHz, 9501 MHz
2026/10/03 16:48:41.404, 0, 20964 MiB, 15 %, 130.82 W, 51, 1695 MHz, 9501 MHz
2026/10/03 16:48:41.404, 1, 20964 MiB, 100 %, 181.22 W, 54, 1965 MHz, 9501 MHz
2026/10/03 16:48:42.414, 0, 20964 MiB, 16 %, 130.57 W, 51, 1695 MHz, 9501 MHz
2026/10/03 16:48:42.414, 1, 20964 MiB, 100 %, 181.09 W, 54, 1965 MHz, 9501 MHz
2026/10/03 16:48:43.423, 0, 20964 MiB, 16 %, 130.85 W, 51, 1695 MHz, 9501 MHz
2026/10/03 16:48:43.423, 1, 20964 MiB, 100 %, 181.29 W, 54, 1965 MHz, 9501 MHz
2026/10/03 16:48:44.430, 0, 20964 MiB, 16 %, 131.19 W, 51, 1695 MHz, 9501 MHz
2026/10/03 16:48:44.430, 1, 20964 MiB, 100 %, 181.83 W, 54, 1965 MHz, 9501 MHz
2026/10/03 16:48:45.437, 0, 20964 MiB, 16 %, 131.27 W, 51, 1695 MHz, 9501 MHz
2026/10/03 16:48:45.437, 1, 20964 MiB, 100 %, 181.88 W, 54, 1965 MHz, 9501 MHz
2026/10/03 16:48:46.443, 0, 20964 MiB, 16 %, 130.90 W, 51, 1695 MHz, 9501 MHz
2026/10/03 16:48:46.444, 1, 20964 MiB, 100 %, 181.60 W, 54, 1965 MHz, 9501 MHz
2026/10/03 16:48:47.449, 0, 20964 MiB, 15 %, 130.82 W, 51, 1695 MHz, 9501 MHz
2026/10/03 16:48:47.449, 1, 20964 MiB, 100 %, 181.55 W, 54, 1965 MHz, 9501 MHz
2026/10/03 16:48:48.454, 0, 20964 MiB, 16 %, 130.50 W, 51, 1695 MHz, 9501 MHz
2026/10/03 16:48:48.454, 1, 20964 MiB, 100 %, 181.24 W, 54, 1965 MHz, 9501 MHz
2026/10/03 16:48:49.459, 0, 20964 MiB, 16 %, 130.41 W, 51, 1695 MHz, 9501 MHz
2026/10/03 16:48:49.459, 1, 20964 MiB, 100 %, 181.22 W, 54, 1965 MHz, 9501 MHz
2026/10/03 16:48:50.463, 0, 20964 MiB, 16 %, 130.56 W, 51, 1695 MHz, 9501 MHz
2026/10/03 16:48:50.463, 1, 20964 MiB, 100 %, 181.41 W, 54, 1965 MHz, 9501 MHz
2026/10/03 16:48:51.466, 0, 20964 MiB, 100 %, 175.29 W, 54, 1995 MHz, 9501 MHz
2026/10/03 16:48:51.467, 1, 20964 MiB, 100 %, 211.12 W, 55, 1965 MHz, 9501 MHz
2026/10/03 16:48:52.470, 0, 20964 MiB, 14 %, 172.35 W, 52, 1995 MHz, 9501 MHz
2026/10/03 16:48:52.470, 1, 20964 MiB, 100 %, 187.57 W, 54, 1965 MHz, 9501 MHz
2026/10/03 16:48:53.473, 0, 20964 MiB, 16 %, 159.45 W, 51, 1695 MHz, 9501 MHz
2026/10/03 16:48:53.473, 1, 20964 MiB, 100 %, 181.11 W, 54, 1965 MHz, 9501 MHz
2026/10/03 16:48:54.477, 0, 20964 MiB, 16 %, 131.21 W, 51, 1695 MHz, 9501 MHz
2026/10/03 16:48:54.477, 1, 20964 MiB, 100 %, 181.01 W, 54, 1965 MHz, 9501 MHz
2026/10/03 16:48:55.479, 0, 20964 MiB, 16 %, 130.60 W, 51, 1695 MHz, 9501 MHz
2026/10/03 16:48:55.479, 1, 20964 MiB, 100 %, 180.71 W, 54, 1965 MHz, 9501 MHz
2026/10/03 16:48:56.482, 0, 20964 MiB, 16 %, 130.50 W, 51, 1695 MHz, 9501 MHz
2026/10/03 16:48:56.482, 1, 20964 MiB, 100 %, 180.55 W, 54, 1965 MHz, 9501 MHz
2026/10/03 16:48:57.484, 0, 20964 MiB, 16 %, 130.38 W, 51, 1695 MHz, 9501 MHz
2026/10/03 16:48:57.484, 1, 20964 MiB, 100 %, 180.51 W, 54, 1965 MHz, 9501 MHz
2026/10/03 16:48:58.487, 0, 20964 MiB, 16 %, 130.65 W, 51, 1695 MHz, 9501 MHz
2026/10/03 16:48:58.487, 1, 20964 MiB, 100 %, 180.87 W, 54, 1965 MHz, 9501 MHz
2026/10/03 16:48:59.489, 0, 20964 MiB, 16 %, 130.62 W, 51, 1695 MHz, 9501 MHz
2026/10/03 16:48:59.489, 1, 20964 MiB, 100 %, 181.13 W, 54, 1965 MHz, 9501 MHz
2026/10/03 16:49:00.492, 0, 20964 MiB, 16 %, 130.55 W, 51, 1695 MHz, 9501 MHz
2026/10/03 16:49:00.492, 1, 20964 MiB, 100 %, 181.04 W, 54, 1965 MHz, 9501 MHz
2026/10/03 16:49:01.494, 0, 20964 MiB, 16 %, 130.65 W, 51, 1695 MHz, 9501 MHz
2026/10/03 16:49:01.494, 1, 20964 MiB, 100 %, 181.25 W, 54, 1965 MHz, 9501 MHz
2026/10/03 16:49:02.495, 0, 20964 MiB, 16 %, 130.66 W, 51, 1695 MHz, 9501 MHz
2026/10/03 16:49:02.496, 1, 20964 MiB, 100 %, 181.15 W, 54, 1965 MHz, 9501 MHz
2026/10/03 16:49:03.497, 0, 20964 MiB, 16 %, 130.49 W, 51, 1695 MHz, 9501 MHz
2026/10/03 16:49:03.497, 1, 20964 MiB, 100 %, 181.01 W, 54, 1965 MHz, 9501 MHz
2026/10/03 16:49:04.498, 0, 20964 MiB, 16 %, 130.62 W, 51, 1695 MHz, 9501 MHz
2026/10/03 16:49:04.498, 1, 20964 MiB, 100 %, 181.07 W, 54, 1965 MHz, 9501 MHz
2026/10/03 16:49:05.498, 0, 20964 MiB, 16 %, 130.60 W, 51, 1695 MHz, 9501 MHz
2026/10/03 16:49:05.498, 1, 20964 MiB, 100 %, 180.95 W, 54, 1965 MHz, 9501 MHz
2026/10/03 16:49:06.499, 0, 20964 MiB, 100 %, 151.68 W, 53, 1995 MHz, 9501 MHz
2026/10/03 16:49:06.499, 1, 20964 MiB, 100 %, 194.55 W, 55, 1965 MHz, 9501 MHz
2026/10/03 16:49:07.499, 0, 20964 MiB, 15 %, 192.61 W, 52, 1995 MHz, 9501 MHz
2026/10/03 16:49:07.499, 1, 20964 MiB, 100 %, 203.90 W, 54, 1965 MHz, 9501 MHz
2026/10/03 16:49:08.499, 0, 20964 MiB, 14 %, 164.55 W, 52, 1995 MHz, 9501 MHz
2026/10/03 16:49:08.499, 1, 20964 MiB, 100 %, 180.59 W, 54, 1965 MHz, 9501 MHz
2026/10/03 16:49:09.499, 0, 20964 MiB, 16 %, 139.86 W, 51, 1695 MHz, 9501 MHz
2026/10/03 16:49:09.500, 1, 20964 MiB, 100 %, 180.30 W, 54, 1965 MHz, 9501 MHz
2026/10/03 16:49:10.500, 0, 20964 MiB, 16 %, 130.22 W, 51, 1695 MHz, 9501 MHz
2026/10/03 16:49:10.500, 1, 20964 MiB, 100 %, 180.55 W, 54, 1965 MHz, 9501 MHz
2026/10/03 16:49:11.500, 0, 20964 MiB, 15 %, 130.04 W, 51, 1695 MHz, 9501 MHz
2026/10/03 16:49:11.500, 1, 20964 MiB, 100 %, 180.37 W, 54, 1965 MHz, 9501 MHz
2026/10/03 16:49:12.500, 0, 20964 MiB, 16 %, 130.06 W, 51, 1695 MHz, 9501 MHz
2026/10/03 16:49:12.500, 1, 20964 MiB, 100 %, 180.37 W, 53, 1965 MHz, 9501 MHz
2026/10/03 16:49:13.501, 0, 20964 MiB, 15 %, 130.32 W, 51, 1695 MHz, 9501 MHz
2026/10/03 16:49:13.501, 1, 20964 MiB, 100 %, 180.55 W, 54, 1965 MHz, 9501 MHz
2026/10/03 16:49:14.501, 0, 20964 MiB, 16 %, 130.60 W, 51, 1695 MHz, 9501 MHz
2026/10/03 16:49:14.501, 1, 20964 MiB, 100 %, 180.81 W, 54, 1965 MHz, 9501 MHz
2026/10/03 16:49:15.501, 0, 20964 MiB, 16 %, 130.60 W, 51, 1695 MHz, 9501 MHz
2026/10/03 16:49:15.501, 1, 20964 MiB, 100 %, 180.77 W, 53, 1965 MHz, 9501 MHz
2026/10/03 16:49:16.501, 0, 20964 MiB, 16 %, 130.60 W, 51, 1695 MHz, 9501 MHz
2026/10/03 16:49:16.502, 1, 20964 MiB, 100 %, 180.82 W, 53, 1965 MHz, 9501 MHz
2026/10/03 16:49:17.502, 0, 20964 MiB, 16 %, 130.50 W, 51, 1695 MHz, 9501 MHz
2026/10/03 16:49:17.502, 1, 20964 MiB, 100 %, 180.97 W, 54, 1965 MHz, 9501 MHz
2026/10/03 16:49:18.502, 0, 20964 MiB, 16 %, 130.58 W, 50, 1695 MHz, 9501 MHz
2026/10/03 16:49:18.502, 1, 20964 MiB, 100 %, 180.93 W, 53, 1965 MHz, 9501 MHz
2026/10/03 16:49:19.502, 0, 20964 MiB, 15 %, 130.43 W, 51, 1695 MHz, 9501 MHz
2026/10/03 16:49:19.502, 1, 20964 MiB, 100 %, 181.00 W, 53, 1965 MHz, 9501 MHz
2026/10/03 16:49:20.503, 0, 20964 MiB, 15 %, 130.26 W, 50, 1695 MHz, 9501 MHz
2026/10/03 16:49:20.503, 1, 20964 MiB, 100 %, 180.49 W, 53, 1965 MHz, 9501 MHz
2026/10/03 16:49:21.503, 0, 20964 MiB, 16 %, 130.19 W, 50, 1695 MHz, 9501 MHz
2026/10/03 16:49:21.503, 1, 20964 MiB, 100 %, 180.52 W, 53, 1965 MHz, 9501 MHz
2026/10/03 16:49:22.503, 0, 20964 MiB, 15 %, 191.29 W, 53, 1995 MHz, 9501 MHz
2026/10/03 16:49:22.503, 1, 20964 MiB, 100 %, 212.54 W, 54, 1965 MHz, 9501 MHz
2026/10/03 16:49:23.503, 0, 20964 MiB, 14 %, 163.90 W, 52, 1995 MHz, 9501 MHz
2026/10/03 16:49:23.504, 1, 20964 MiB, 100 %, 179.82 W, 54, 1965 MHz, 9501 MHz
2026/10/03 16:49:24.504, 0, 20964 MiB, 16 %, 152.39 W, 51, 1695 MHz, 9501 MHz
2026/10/03 16:49:24.504, 1, 20964 MiB, 100 %, 180.25 W, 54, 1965 MHz, 9501 MHz
2026/10/03 16:49:25.504, 0, 20964 MiB, 15 %, 130.37 W, 51, 1695 MHz, 9501 MHz
2026/10/03 16:49:25.504, 1, 20964 MiB, 100 %, 180.54 W, 54, 1965 MHz, 9501 MHz
2026/10/03 16:49:26.504, 0, 20964 MiB, 15 %, 129.94 W, 51, 1695 MHz, 9501 MHz
2026/10/03 16:49:26.504, 1, 20964 MiB, 100 %, 180.29 W, 54, 1965 MHz, 9501 MHz
2026/10/03 16:49:27.505, 0, 20964 MiB, 15 %, 130.09 W, 51, 1695 MHz, 9501 MHz
2026/10/03 16:49:27.505, 1, 20964 MiB, 100 %, 180.41 W, 53, 1965 MHz, 9501 MHz
2026/10/03 16:49:28.505, 0, 20964 MiB, 15 %, 130.01 W, 51, 1695 MHz, 9501 MHz
2026/10/03 16:49:28.505, 1, 20964 MiB, 100 %, 180.23 W, 53, 1965 MHz, 9501 MHz
2026/10/03 16:49:29.505, 0, 20964 MiB, 16 %, 130.30 W, 51, 1695 MHz, 9501 MHz
2026/10/03 16:49:29.505, 1, 20964 MiB, 100 %, 180.46 W, 53, 1965 MHz, 9501 MHz
2026/10/03 16:49:30.505, 0, 20964 MiB, 16 %, 130.55 W, 51, 1695 MHz, 9501 MHz
2026/10/03 16:49:30.506, 1, 20964 MiB, 100 %, 180.88 W, 53, 1965 MHz, 9501 MHz
2026/10/03 16:49:31.506, 0, 20964 MiB, 15 %, 130.29 W, 51, 1695 MHz, 9501 MHz
2026/10/03 16:49:31.506, 1, 20964 MiB, 100 %, 180.57 W, 53, 1965 MHz, 9501 MHz
2026/10/03 16:49:32.506, 0, 20964 MiB, 16 %, 130.40 W, 51, 1695 MHz, 9501 MHz
2026/10/03 16:49:32.506, 1, 20964 MiB, 100 %, 180.59 W, 53, 1965 MHz, 9501 MHz
2026/10/03 16:49:33.506, 0, 20964 MiB, 15 %, 130.15 W, 51, 1695 MHz, 9501 MHz
2026/10/03 16:49:33.506, 1, 20964 MiB, 100 %, 180.37 W, 53, 1965 MHz, 9501 MHz
2026/10/03 16:49:34.507, 0, 20964 MiB, 15 %, 130.01 W, 50, 1695 MHz, 9501 MHz
2026/10/03 16:49:34.507, 1, 20964 MiB, 100 %, 180.30 W, 53, 1965 MHz, 9501 MHz
2026/10/03 16:49:35.507, 0, 20964 MiB, 15 %, 130.07 W, 51, 1695 MHz, 9501 MHz
2026/10/03 16:49:35.507, 1, 20964 MiB, 100 %, 180.54 W, 53, 1965 MHz, 9501 MHz
2026/10/03 16:49:36.507, 0, 20964 MiB, 15 %, 130.29 W, 50, 1695 MHz, 9501 MHz
2026/10/03 16:49:36.507, 1, 20964 MiB, 100 %, 180.83 W, 53, 1965 MHz, 9501 MHz
2026/10/03 16:49:37.508, 0, 20964 MiB, 0 %, 125.54 W, 50, 1695 MHz, 9501 MHz
2026/10/03 16:49:37.508, 1, 20964 MiB, 0 %, 168.76 W, 53, 1965 MHz, 9501 MHz
2026/10/03 16:49:38.508, 0, 20964 MiB, 0 %, 119.11 W, 50, 1695 MHz, 9501 MHz
2026/10/03 16:49:38.508, 1, 20964 MiB, 0 %, 151.37 W, 53, 1965 MHz, 9501 MHz
2026/10/03 16:49:39.508, 0, 20964 MiB, 0 %, 118.23 W, 50, 1695 MHz, 9501 MHz
2026/10/03 16:49:39.508, 1, 20964 MiB, 0 %, 146.03 W, 52, 1695 MHz, 9501 MHz
2026/10/03 16:49:40.508, 0, 20964 MiB, 0 %, 118.29 W, 50, 1695 MHz, 9501 MHz
2026/10/03 16:49:40.509, 1, 20964 MiB, 0 %, 133.63 W, 51, 1695 MHz, 9501 MHz
2026/10/03 16:49:41.509, 0, 20964 MiB, 0 %, 118.39 W, 50, 1695 MHz, 9501 MHz
2026/10/03 16:49:41.509, 1, 20964 MiB, 0 %, 121.18 W, 51, 1695 MHz, 9501 MHz
2026/10/03 16:49:42.509, 0, 20964 MiB, 0 %, 118.34 W, 50, 1695 MHz, 9501 MHz
2026/10/03 16:49:42.509, 1, 20964 MiB, 0 %, 120.86 W, 51, 1695 MHz, 9501 MHz
2026/10/03 16:49:43.509, 0, 20964 MiB, 0 %, 118.20 W, 50, 1695 MHz, 9501 MHz
2026/10/03 16:49:43.510, 1, 20964 MiB, 0 %, 120.74 W, 51, 1695 MHz, 9501 MHz
2026/10/03 16:49:44.510, 0, 20964 MiB, 0 %, 118.08 W, 50, 1695 MHz, 9501 MHz
2026/10/03 16:49:44.510, 1, 20964 MiB, 0 %, 120.60 W, 51, 1695 MHz, 9501 MHz
2026/10/03 16:49:45.510, 0, 20964 MiB, 0 %, 117.95 W, 50, 1695 MHz, 9501 MHz
2026/10/03 16:49:45.510, 1, 20964 MiB, 0 %, 120.57 W, 50, 1695 MHz, 9501 MHz
2026/10/03 16:49:46.510, 0, 20964 MiB, 0 %, 117.81 W, 50, 1695 MHz, 9501 MHz
2026/10/03 16:49:46.511, 1, 20964 MiB, 0 %, 120.63 W, 50, 1695 MHz, 9501 MHz
2026/10/03 16:49:47.511, 0, 20964 MiB, 15 %, 155.33 W, 53, 1995 MHz, 9501 MHz
2026/10/03 16:49:47.511, 1, 20964 MiB, 99 %, 163.68 W, 52, 1965 MHz, 9501 MHz
2026/10/03 16:49:48.511, 0, 20964 MiB, 13 %, 164.43 W, 52, 1995 MHz, 9501 MHz
2026/10/03 16:49:48.511, 1, 20964 MiB, 100 %, 180.14 W, 52, 1965 MHz, 9501 MHz
2026/10/03 16:49:49.511, 0, 20964 MiB, 16 %, 158.33 W, 51, 1695 MHz, 9501 MHz
2026/10/03 16:49:49.512, 1, 20964 MiB, 100 %, 179.10 W, 52, 1965 MHz, 9501 MHz
2026/10/03 16:49:50.512, 0, 20964 MiB, 16 %, 130.01 W, 50, 1695 MHz, 9501 MHz
2026/10/03 16:49:50.512, 1, 20964 MiB, 100 %, 179.06 W, 52, 1965 MHz, 9501 MHz
2026/10/03 16:49:51.512, 0, 20964 MiB, 15 %, 129.84 W, 50, 1695 MHz, 9501 MHz
2026/10/03 16:49:51.512, 1, 20964 MiB, 100 %, 179.14 W, 52, 1965 MHz, 9501 MHz
2026/10/03 16:49:52.512, 0, 20964 MiB, 16 %, 130.10 W, 50, 1695 MHz, 9501 MHz
2026/10/03 16:49:52.513, 1, 20964 MiB, 100 %, 179.20 W, 52, 1965 MHz, 9501 MHz
2026/10/03 16:49:53.513, 0, 20964 MiB, 16 %, 130.32 W, 50, 1695 MHz, 9501 MHz
2026/10/03 16:49:53.513, 1, 20964 MiB, 100 %, 179.63 W, 52, 1965 MHz, 9501 MHz
2026/10/03 16:49:54.513, 0, 20964 MiB, 16 %, 130.40 W, 50, 1695 MHz, 9501 MHz
2026/10/03 16:49:54.513, 1, 20964 MiB, 100 %, 179.67 W, 52, 1965 MHz, 9501 MHz
2026/10/03 16:49:55.514, 0, 20964 MiB, 16 %, 130.31 W, 50, 1695 MHz, 9501 MHz
2026/10/03 16:49:55.514, 1, 20964 MiB, 100 %, 179.60 W, 52, 1965 MHz, 9501 MHz
2026/10/03 16:49:56.514, 0, 20964 MiB, 16 %, 130.27 W, 50, 1695 MHz, 9501 MHz
2026/10/03 16:49:56.514, 1, 20964 MiB, 100 %, 179.75 W, 52, 1965 MHz, 9501 MHz
2026/10/03 16:49:57.515, 0, 20964 MiB, 15 %, 130.20 W, 50, 1695 MHz, 9501 MHz
2026/10/03 16:49:57.515, 1, 20964 MiB, 100 %, 179.55 W, 52, 1965 MHz, 9501 MHz
2026/10/03 16:49:58.515, 0, 20964 MiB, 15 %, 130.03 W, 50, 1695 MHz, 9501 MHz
2026/10/03 16:49:58.515, 1, 20964 MiB, 100 %, 179.59 W, 52, 1965 MHz, 9501 MHz
2026/10/03 16:49:59.515, 0, 20964 MiB, 15 %, 129.79 W, 50, 1695 MHz, 9501 MHz
2026/10/03 16:49:59.515, 1, 20964 MiB, 100 %, 179.08 W, 52, 1965 MHz, 9501 MHz
2026/10/03 16:50:00.516, 0, 20964 MiB, 15 %, 129.93 W, 50, 1695 MHz, 9501 MHz
2026/10/03 16:50:00.516, 1, 20964 MiB, 100 %, 179.30 W, 52, 1965 MHz, 9501 MHz
2026/10/03 16:50:01.516, 0, 20964 MiB, 16 %, 129.92 W, 50, 1695 MHz, 9501 MHz
2026/10/03 16:50:01.516, 1, 20964 MiB, 100 %, 179.29 W, 52, 1965 MHz, 9501 MHz
2026/10/03 16:50:02.516, 0, 21006 MiB, 97 %, 132.60 W, 50, 1695 MHz, 9501 MHz
2026/10/03 16:50:02.517, 1, 21006 MiB, 85 %, 181.96 W, 53, 1965 MHz, 9501 MHz
2026/10/03 16:50:03.517, 0, 21006 MiB, 84 %, 231.70 W, 55, 1995 MHz, 9501 MHz
2026/10/03 16:50:03.517, 1, 21006 MiB, 82 %, 238.03 W, 53, 1965 MHz, 9501 MHz
2026/10/03 16:50:04.517, 0, 21006 MiB, 18 %, 177.34 W, 52, 1995 MHz, 9501 MHz
2026/10/03 16:50:04.517, 1, 21006 MiB, 100 %, 190.15 W, 53, 1965 MHz, 9501 MHz
2026/10/03 16:50:05.517, 0, 21006 MiB, 18 %, 170.93 W, 52, 1995 MHz, 9501 MHz
2026/10/03 16:50:05.518, 1, 21006 MiB, 100 %, 186.81 W, 53, 1965 MHz, 9501 MHz
2026/10/03 16:50:06.518, 0, 21006 MiB, 19 %, 138.22 W, 51, 1695 MHz, 9501 MHz
2026/10/03 16:50:06.518, 1, 21006 MiB, 100 %, 186.58 W, 53, 1965 MHz, 9501 MHz
2026/10/03 16:50:07.518, 0, 21006 MiB, 19 %, 134.88 W, 51, 1695 MHz, 9501 MHz
2026/10/03 16:50:07.518, 1, 21006 MiB, 100 %, 186.99 W, 53, 1965 MHz, 9501 MHz
2026/10/03 16:50:08.518, 0, 21006 MiB, 19 %, 134.93 W, 51, 1695 MHz, 9501 MHz
2026/10/03 16:50:08.519, 1, 21006 MiB, 100 %, 187.29 W, 53, 1965 MHz, 9501 MHz
2026/10/03 16:50:09.519, 0, 21006 MiB, 20 %, 134.79 W, 51, 1695 MHz, 9501 MHz
2026/10/03 16:50:09.519, 1, 21006 MiB, 100 %, 187.52 W, 53, 1965 MHz, 9501 MHz
2026/10/03 16:50:10.519, 0, 21006 MiB, 19 %, 135.30 W, 51, 1695 MHz, 9501 MHz
2026/10/03 16:50:10.519, 1, 21006 MiB, 100 %, 187.99 W, 53, 1965 MHz, 9501 MHz
2026/10/03 16:50:11.520, 0, 21006 MiB, 21 %, 135.42 W, 51, 1695 MHz, 9501 MHz
2026/10/03 16:50:11.520, 1, 21006 MiB, 100 %, 187.96 W, 53, 1965 MHz, 9501 MHz
2026/10/03 16:50:12.520, 0, 21006 MiB, 19 %, 135.10 W, 51, 1695 MHz, 9501 MHz
2026/10/03 16:50:12.520, 1, 21006 MiB, 100 %, 187.84 W, 53, 1965 MHz, 9501 MHz
2026/10/03 16:50:13.520, 0, 21006 MiB, 21 %, 135.25 W, 51, 1695 MHz, 9501 MHz
2026/10/03 16:50:13.520, 1, 21006 MiB, 100 %, 188.01 W, 53, 1965 MHz, 9501 MHz
2026/10/03 16:50:14.521, 0, 21006 MiB, 20 %, 135.35 W, 51, 1695 MHz, 9501 MHz
2026/10/03 16:50:14.521, 1, 21006 MiB, 100 %, 188.36 W, 53, 1965 MHz, 9501 MHz
2026/10/03 16:50:15.521, 0, 21006 MiB, 20 %, 135.74 W, 51, 1695 MHz, 9501 MHz
2026/10/03 16:50:15.521, 1, 21006 MiB, 100 %, 188.87 W, 53, 1965 MHz, 9501 MHz
2026/10/03 16:50:16.521, 0, 21006 MiB, 20 %, 135.84 W, 51, 1695 MHz, 9501 MHz
2026/10/03 16:50:16.522, 1, 21006 MiB, 100 %, 188.92 W, 53, 1965 MHz, 9501 MHz
2026/10/03 16:50:17.522, 0, 21006 MiB, 20 %, 135.89 W, 51, 1695 MHz, 9501 MHz
2026/10/03 16:50:17.522, 1, 21006 MiB, 100 %, 188.85 W, 53, 1965 MHz, 9501 MHz
2026/10/03 16:50:18.522, 0, 21006 MiB, 19 %, 135.52 W, 50, 1695 MHz, 9501 MHz
2026/10/03 16:50:18.522, 1, 21006 MiB, 100 %, 188.58 W, 53, 1965 MHz, 9501 MHz
2026/10/03 16:50:19.523, 0, 21006 MiB, 100 %, 217.41 W, 55, 1995 MHz, 9501 MHz
2026/10/03 16:50:19.523, 1, 21006 MiB, 100 %, 235.31 W, 54, 1965 MHz, 9501 MHz
2026/10/03 16:50:20.523, 0, 21006 MiB, 18 %, 186.77 W, 53, 1980 MHz, 9501 MHz
2026/10/03 16:50:20.523, 1, 21006 MiB, 100 %, 200.24 W, 53, 1965 MHz, 9501 MHz
2026/10/03 16:50:21.523, 0, 21006 MiB, 18 %, 171.88 W, 52, 1695 MHz, 9501 MHz
2026/10/03 16:50:21.524, 1, 21006 MiB, 100 %, 188.46 W, 53, 1965 MHz, 9501 MHz
2026/10/03 16:50:22.524, 0, 21006 MiB, 21 %, 139.78 W, 51, 1695 MHz, 9501 MHz
2026/10/03 16:50:22.524, 1, 21006 MiB, 100 %, 189.59 W, 53, 1965 MHz, 9501 MHz
2026/10/03 16:50:23.524, 0, 21006 MiB, 21 %, 136.46 W, 51, 1695 MHz, 9501 MHz
2026/10/03 16:50:23.524, 1, 21006 MiB, 100 %, 190.30 W, 53, 1965 MHz, 9501 MHz
2026/10/03 16:50:24.525, 0, 21006 MiB, 21 %, 136.15 W, 51, 1695 MHz, 9501 MHz
2026/10/03 16:50:24.525, 1, 21006 MiB, 100 %, 189.98 W, 53, 1965 MHz, 9501 MHz
2026/10/03 16:50:25.525, 0, 21006 MiB, 21 %, 135.69 W, 51, 1695 MHz, 9501 MHz
2026/10/03 16:50:25.525, 1, 21006 MiB, 100 %, 189.30 W, 53, 1965 MHz, 9501 MHz
2026/10/03 16:50:26.525, 0, 21006 MiB, 21 %, 135.66 W, 51, 1695 MHz, 9501 MHz
2026/10/03 16:50:26.525, 1, 21006 MiB, 100 %, 189.54 W, 53, 1965 MHz, 9501 MHz
2026/10/03 16:50:27.526, 0, 21006 MiB, 19 %, 135.92 W, 51, 1695 MHz, 9501 MHz
2026/10/03 16:50:27.526, 1, 21006 MiB, 100 %, 189.79 W, 53, 1965 MHz, 9501 MHz
2026/10/03 16:50:28.526, 0, 21006 MiB, 21 %, 136.22 W, 51, 1695 MHz, 9501 MHz
2026/10/03 16:50:28.526, 1, 21006 MiB, 100 %, 190.09 W, 54, 1965 MHz, 9501 MHz
2026/10/03 16:50:29.526, 0, 21006 MiB, 20 %, 136.30 W, 51, 1695 MHz, 9501 MHz
2026/10/03 16:50:29.527, 1, 21006 MiB, 100 %, 190.15 W, 53, 1965 MHz, 9501 MHz
2026/10/03 16:50:30.527, 0, 21006 MiB, 21 %, 136.36 W, 51, 1695 MHz, 9501 MHz
2026/10/03 16:50:30.527, 1, 21006 MiB, 100 %, 190.28 W, 53, 1965 MHz, 9501 MHz
2026/10/03 16:50:31.527, 0, 21006 MiB, 20 %, 136.27 W, 51, 1695 MHz, 9501 MHz
2026/10/03 16:50:31.527, 1, 21006 MiB, 100 %, 190.32 W, 54, 1965 MHz, 9501 MHz
2026/10/03 16:50:32.528, 0, 21006 MiB, 20 %, 136.49 W, 51, 1695 MHz, 9501 MHz
2026/10/03 16:50:32.528, 1, 21006 MiB, 100 %, 190.29 W, 53, 1965 MHz, 9501 MHz
2026/10/03 16:50:33.528, 0, 21006 MiB, 21 %, 136.41 W, 51, 1695 MHz, 9501 MHz
2026/10/03 16:50:33.528, 1, 21006 MiB, 100 %, 190.51 W, 53, 1965 MHz, 9501 MHz
2026/10/03 16:50:34.528, 0, 21006 MiB, 100 %, 142.13 W, 52, 1980 MHz, 9501 MHz
2026/10/03 16:50:34.529, 1, 21006 MiB, 100 %, 198.29 W, 55, 1965 MHz, 9501 MHz
2026/10/03 16:50:35.529, 0, 21006 MiB, 60 %, 232.46 W, 54, 1980 MHz, 9501 MHz
2026/10/03 16:50:35.529, 1, 21006 MiB, 89 %, 242.88 W, 54, 1965 MHz, 9501 MHz
2026/10/03 16:50:36.529, 0, 21006 MiB, 19 %, 176.91 W, 53, 1980 MHz, 9501 MHz
2026/10/03 16:50:36.530, 1, 21006 MiB, 100 %, 192.58 W, 54, 1965 MHz, 9501 MHz
2026/10/03 16:50:37.530, 0, 21006 MiB, 19 %, 166.66 W, 52, 1695 MHz, 9501 MHz
2026/10/03 16:50:37.530, 1, 21006 MiB, 100 %, 190.13 W, 54, 1965 MHz, 9501 MHz
2026/10/03 16:50:38.530, 0, 21006 MiB, 21 %, 136.18 W, 51, 1695 MHz, 9501 MHz
2026/10/03 16:50:38.530, 1, 21006 MiB, 100 %, 190.19 W, 54, 1965 MHz, 9501 MHz
2026/10/03 16:50:39.530, 0, 21006 MiB, 20 %, 135.92 W, 51, 1695 MHz, 9501 MHz
2026/10/03 16:50:39.530, 1, 21006 MiB, 100 %, 190.12 W, 54, 1965 MHz, 9501 MHz
2026/10/03 16:50:40.531, 0, 21006 MiB, 20 %, 135.93 W, 51, 1695 MHz, 9501 MHz
2026/10/03 16:50:40.531, 1, 21006 MiB, 100 %, 190.17 W, 54, 1965 MHz, 9501 MHz
2026/10/03 16:50:41.531, 0, 21006 MiB, 21 %, 136.06 W, 51, 1695 MHz, 9501 MHz
2026/10/03 16:50:41.531, 1, 21006 MiB, 100 %, 190.57 W, 54, 1965 MHz, 9501 MHz
2026/10/03 16:50:42.544, 0, 21006 MiB, 20 %, 136.05 W, 51, 1695 MHz, 9501 MHz
2026/10/03 16:50:42.544, 1, 21006 MiB, 100 %, 190.56 W, 54, 1965 MHz, 9501 MHz
2026/10/03 16:50:43.566, 0, 21006 MiB, 100 %, 145.18 W, 53, 1980 MHz, 9501 MHz
2026/10/03 16:50:43.567, 1, 21006 MiB, 19 %, 185.89 W, 53, 1965 MHz, 9501 MHz
2026/10/03 16:50:44.586, 0, 21006 MiB, 100 %, 185.88 W, 53, 1980 MHz, 9501 MHz
2026/10/03 16:50:44.586, 1, 21006 MiB, 18 %, 174.54 W, 53, 1965 MHz, 9501 MHz
2026/10/03 16:50:45.603, 0, 21006 MiB, 100 %, 187.39 W, 54, 1980 MHz, 9501 MHz
2026/10/03 16:50:45.603, 1, 21006 MiB, 20 %, 159.75 W, 52, 1695 MHz, 9501 MHz
2026/10/03 16:50:46.618, 0, 21006 MiB, 100 %, 187.74 W, 54, 1980 MHz, 9501 MHz
2026/10/03 16:50:46.619, 1, 21006 MiB, 20 %, 140.44 W, 52, 1695 MHz, 9501 MHz
2026/10/03 16:50:47.632, 0, 21006 MiB, 100 %, 187.98 W, 54, 1980 MHz, 9501 MHz
2026/10/03 16:50:47.632, 1, 21006 MiB, 19 %, 140.16 W, 52, 1695 MHz, 9501 MHz
2026/10/03 16:50:48.644, 0, 21006 MiB, 100 %, 188.04 W, 54, 1980 MHz, 9501 MHz
2026/10/03 16:50:48.645, 1, 21006 MiB, 19 %, 140.04 W, 52, 1695 MHz, 9501 MHz
2026/10/03 16:50:49.655, 0, 21006 MiB, 100 %, 188.29 W, 54, 1980 MHz, 9501 MHz
2026/10/03 16:50:49.656, 1, 21006 MiB, 20 %, 140.07 W, 52, 1695 MHz, 9501 MHz
2026/10/03 16:50:50.666, 0, 21006 MiB, 100 %, 210.90 W, 56, 1980 MHz, 9501 MHz
2026/10/03 16:50:50.666, 1, 21006 MiB, 100 %, 172.94 W, 54, 1965 MHz, 9501 MHz
2026/10/03 16:50:51.674, 0, 21006 MiB, 100 %, 227.92 W, 55, 1980 MHz, 9501 MHz
2026/10/03 16:50:51.675, 1, 21006 MiB, 17 %, 226.48 W, 53, 1965 MHz, 9501 MHz
2026/10/03 16:50:52.682, 0, 21006 MiB, 100 %, 185.14 W, 55, 1980 MHz, 9501 MHz
2026/10/03 16:50:52.682, 1, 21006 MiB, 16 %, 170.58 W, 53, 1965 MHz, 9501 MHz
2026/10/03 16:50:53.689, 0, 21006 MiB, 100 %, 185.45 W, 55, 1980 MHz, 9501 MHz
2026/10/03 16:50:53.689, 1, 21006 MiB, 19 %, 162.31 W, 52, 1695 MHz, 9501 MHz
2026/10/03 16:50:54.695, 0, 21006 MiB, 100 %, 185.63 W, 55, 1980 MHz, 9501 MHz
2026/10/03 16:50:54.695, 1, 21006 MiB, 18 %, 137.75 W, 52, 1695 MHz, 9501 MHz
2026/10/03 16:50:55.701, 0, 21006 MiB, 100 %, 185.79 W, 55, 1980 MHz, 9501 MHz
2026/10/03 16:50:55.701, 1, 21006 MiB, 19 %, 137.78 W, 51, 1695 MHz, 9501 MHz
2026/10/03 16:50:56.706, 0, 21006 MiB, 100 %, 185.85 W, 55, 1980 MHz, 9501 MHz
2026/10/03 16:50:56.706, 1, 21006 MiB, 19 %, 137.73 W, 51, 1695 MHz, 9501 MHz
2026/10/03 16:50:57.710, 0, 21006 MiB, 100 %, 185.89 W, 55, 1980 MHz, 9501 MHz
2026/10/03 16:50:57.711, 1, 21006 MiB, 19 %, 137.55 W, 51, 1695 MHz, 9501 MHz
2026/10/03 16:50:58.714, 0, 21006 MiB, 100 %, 186.19 W, 55, 1980 MHz, 9501 MHz
2026/10/03 16:50:58.715, 1, 21006 MiB, 18 %, 137.52 W, 51, 1695 MHz, 9501 MHz
2026/10/03 16:50:59.719, 0, 21006 MiB, 100 %, 186.13 W, 55, 1980 MHz, 9501 MHz
2026/10/03 16:50:59.719, 1, 21006 MiB, 19 %, 137.34 W, 51, 1695 MHz, 9501 MHz
2026/10/03 16:51:00.722, 0, 21006 MiB, 100 %, 185.86 W, 56, 1980 MHz, 9501 MHz
2026/10/03 16:51:00.722, 1, 21006 MiB, 18 %, 137.11 W, 51, 1695 MHz, 9501 MHz
2026/10/03 16:51:01.725, 0, 21006 MiB, 100 %, 186.22 W, 56, 1980 MHz, 9501 MHz
2026/10/03 16:51:01.726, 1, 21006 MiB, 19 %, 137.12 W, 51, 1695 MHz, 9501 MHz
2026/10/03 16:51:02.728, 0, 21006 MiB, 100 %, 186.28 W, 56, 1980 MHz, 9501 MHz
2026/10/03 16:51:02.728, 1, 21006 MiB, 18 %, 137.12 W, 51, 1695 MHz, 9501 MHz
2026/10/03 16:51:03.731, 0, 21006 MiB, 100 %, 186.89 W, 56, 1980 MHz, 9501 MHz
2026/10/03 16:51:03.731, 1, 21006 MiB, 18 %, 137.20 W, 50, 1695 MHz, 9501 MHz
2026/10/03 16:51:04.734, 0, 21006 MiB, 100 %, 186.71 W, 56, 1980 MHz, 9501 MHz
2026/10/03 16:51:04.734, 1, 21006 MiB, 19 %, 137.13 W, 50, 1695 MHz, 9501 MHz
2026/10/03 16:51:05.736, 0, 21006 MiB, 100 %, 186.52 W, 56, 1980 MHz, 9501 MHz
2026/10/03 16:51:05.736, 1, 21006 MiB, 18 %, 137.05 W, 50, 1695 MHz, 9501 MHz
2026/10/03 16:51:06.738, 0, 21006 MiB, 100 %, 235.78 W, 58, 1980 MHz, 9501 MHz
2026/10/03 16:51:06.738, 1, 21006 MiB, 100 %, 212.06 W, 53, 1965 MHz, 9501 MHz
2026/10/03 16:51:07.740, 0, 21006 MiB, 20 %, 194.19 W, 56, 1980 MHz, 9501 MHz
2026/10/03 16:51:07.740, 1, 21006 MiB, 100 %, 204.38 W, 52, 1965 MHz, 9501 MHz
2026/10/03 16:51:08.742, 0, 21006 MiB, 20 %, 176.20 W, 55, 1695 MHz, 9501 MHz
2026/10/03 16:51:08.742, 1, 21006 MiB, 100 %, 189.96 W, 52, 1965 MHz, 9501 MHz
2026/10/03 16:51:09.744, 0, 21006 MiB, 21 %, 142.68 W, 54, 1695 MHz, 9501 MHz
2026/10/03 16:51:09.744, 1, 21006 MiB, 100 %, 190.13 W, 52, 1965 MHz, 9501 MHz
2026/10/03 16:51:10.745, 0, 21006 MiB, 22 %, 138.90 W, 54, 1695 MHz, 9501 MHz
2026/10/03 16:51:10.746, 1, 21006 MiB, 100 %, 190.65 W, 52, 1965 MHz, 9501 MHz
2026/10/03 16:51:11.747, 0, 21006 MiB, 21 %, 139.30 W, 53, 1695 MHz, 9501 MHz
2026/10/03 16:51:11.747, 1, 21006 MiB, 100 %, 191.08 W, 52, 1965 MHz, 9501 MHz
2026/10/03 16:51:12.749, 0, 21006 MiB, 21 %, 138.91 W, 53, 1695 MHz, 9501 MHz
2026/10/03 16:51:12.749, 1, 21006 MiB, 100 %, 190.67 W, 52, 1965 MHz, 9501 MHz
2026/10/03 16:51:13.750, 0, 21006 MiB, 21 %, 138.53 W, 53, 1695 MHz, 9501 MHz
2026/10/03 16:51:13.750, 1, 21006 MiB, 100 %, 190.25 W, 52, 1965 MHz, 9501 MHz
2026/10/03 16:51:14.752, 0, 21006 MiB, 20 %, 138.59 W, 53, 1695 MHz, 9501 MHz
2026/10/03 16:51:14.752, 1, 21006 MiB, 100 %, 190.64 W, 53, 1965 MHz, 9501 MHz
2026/10/03 16:51:15.752, 0, 21006 MiB, 21 %, 138.68 W, 53, 1695 MHz, 9501 MHz
2026/10/03 16:51:15.753, 1, 21006 MiB, 100 %, 190.65 W, 53, 1965 MHz, 9501 MHz
2026/10/03 16:51:16.753, 0, 21006 MiB, 21 %, 138.67 W, 53, 1695 MHz, 9501 MHz
2026/10/03 16:51:16.753, 1, 21006 MiB, 100 %, 190.78 W, 53, 1965 MHz, 9501 MHz
2026/10/03 16:51:17.753, 0, 21006 MiB, 20 %, 138.48 W, 53, 1695 MHz, 9501 MHz
2026/10/03 16:51:17.753, 1, 21006 MiB, 100 %, 190.36 W, 53, 1965 MHz, 9501 MHz
2026/10/03 16:51:18.753, 0, 21006 MiB, 21 %, 138.66 W, 53, 1695 MHz, 9501 MHz
2026/10/03 16:51:18.754, 1, 21006 MiB, 100 %, 190.64 W, 53, 1965 MHz, 9501 MHz
2026/10/03 16:51:19.754, 0, 21006 MiB, 21 %, 138.48 W, 53, 1695 MHz, 9501 MHz
2026/10/03 16:51:19.754, 1, 21006 MiB, 100 %, 190.71 W, 53, 1965 MHz, 9501 MHz
2026/10/03 16:51:20.754, 0, 21006 MiB, 20 %, 138.46 W, 53, 1695 MHz, 9501 MHz
2026/10/03 16:51:20.755, 1, 21006 MiB, 100 %, 190.62 W, 53, 1965 MHz, 9501 MHz
2026/10/03 16:51:21.755, 0, 21006 MiB, 100 %, 163.17 W, 56, 1980 MHz, 9501 MHz
2026/10/03 16:51:21.755, 1, 21006 MiB, 100 %, 208.63 W, 54, 1965 MHz, 9501 MHz
2026/10/03 16:51:22.755, 0, 21006 MiB, 20 %, 229.29 W, 55, 1980 MHz, 9501 MHz
2026/10/03 16:51:22.756, 1, 21006 MiB, 99 %, 232.65 W, 53, 1965 MHz, 9501 MHz
2026/10/03 16:51:23.756, 0, 21006 MiB, 20 %, 175.29 W, 55, 1980 MHz, 9501 MHz
2026/10/03 16:51:23.756, 1, 21006 MiB, 100 %, 189.73 W, 53, 1965 MHz, 9501 MHz
2026/10/03 16:51:24.756, 0, 21006 MiB, 20 %, 161.43 W, 53, 1695 MHz, 9501 MHz
2026/10/03 16:51:24.757, 1, 21006 MiB, 100 %, 188.58 W, 53, 1965 MHz, 9501 MHz
2026/10/03 16:51:25.757, 0, 21006 MiB, 21 %, 137.24 W, 53, 1695 MHz, 9501 MHz
2026/10/03 16:51:25.757, 1, 21006 MiB, 100 %, 188.25 W, 53, 1965 MHz, 9501 MHz
2026/10/03 16:51:26.757, 0, 21006 MiB, 19 %, 136.88 W, 53, 1695 MHz, 9501 MHz
2026/10/03 16:51:26.757, 1, 21006 MiB, 100 %, 188.14 W, 53, 1965 MHz, 9501 MHz
2026/10/03 16:51:27.758, 0, 21006 MiB, 20 %, 136.77 W, 53, 1695 MHz, 9501 MHz
2026/10/03 16:51:27.758, 1, 21006 MiB, 100 %, 188.03 W, 53, 1965 MHz, 9501 MHz
2026/10/03 16:51:28.758, 0, 21006 MiB, 21 %, 136.56 W, 53, 1695 MHz, 9501 MHz
2026/10/03 16:51:28.758, 1, 21006 MiB, 100 %, 187.85 W, 53, 1965 MHz, 9501 MHz
2026/10/03 16:51:29.758, 0, 21006 MiB, 20 %, 136.67 W, 53, 1695 MHz, 9501 MHz
2026/10/03 16:51:29.759, 1, 21006 MiB, 100 %, 188.15 W, 53, 1965 MHz, 9501 MHz
2026/10/03 16:51:30.759, 0, 21006 MiB, 20 %, 136.54 W, 52, 1695 MHz, 9501 MHz
2026/10/03 16:51:30.759, 1, 21006 MiB, 100 %, 187.95 W, 53, 1965 MHz, 9501 MHz
2026/10/03 16:51:31.759, 0, 21006 MiB, 20 %, 136.47 W, 52, 1695 MHz, 9501 MHz
2026/10/03 16:51:31.760, 1, 21006 MiB, 100 %, 187.87 W, 53, 1965 MHz, 9501 MHz
2026/10/03 16:51:32.762, 0, 21006 MiB, 20 %, 136.32 W, 52, 1695 MHz, 9501 MHz
2026/10/03 16:51:32.763, 1, 21006 MiB, 100 %, 188.14 W, 53, 1965 MHz, 9501 MHz
2026/10/03 16:51:33.763, 0, 21006 MiB, 20 %, 136.32 W, 52, 1695 MHz, 9501 MHz
2026/10/03 16:51:33.763, 1, 21006 MiB, 100 %, 188.32 W, 53, 1965 MHz, 9501 MHz
2026/10/03 16:51:34.763, 0, 21006 MiB, 20 %, 136.40 W, 52, 1695 MHz, 9501 MHz
2026/10/03 16:51:34.763, 1, 21006 MiB, 100 %, 188.39 W, 53, 1965 MHz, 9501 MHz
2026/10/03 16:51:35.764, 0, 21006 MiB, 20 %, 136.25 W, 52, 1695 MHz, 9501 MHz
2026/10/03 16:51:35.764, 1, 21006 MiB, 100 %, 188.34 W, 53, 1965 MHz, 9501 MHz
2026/10/03 16:51:36.764, 0, 21006 MiB, 99 %, 152.58 W, 55, 1980 MHz, 9501 MHz
2026/10/03 16:51:36.764, 1, 21006 MiB, 100 %, 203.24 W, 54, 1965 MHz, 9501 MHz
2026/10/03 16:51:37.764, 0, 21006 MiB, 19 %, 231.75 W, 55, 1980 MHz, 9501 MHz
2026/10/03 16:51:37.764, 1, 21006 MiB, 100 %, 235.90 W, 54, 1965 MHz, 9501 MHz
2026/10/03 16:51:38.765, 0, 21006 MiB, 19 %, 174.51 W, 54, 1980 MHz, 9501 MHz
2026/10/03 16:51:38.765, 1, 21006 MiB, 100 %, 190.34 W, 54, 1965 MHz, 9501 MHz
2026/10/03 16:51:39.766, 0, 21006 MiB, 21 %, 165.03 W, 53, 1695 MHz, 9501 MHz
2026/10/03 16:51:39.766, 1, 21006 MiB, 100 %, 190.50 W, 53, 1965 MHz, 9501 MHz
2026/10/03 16:51:40.766, 0, 21006 MiB, 21 %, 137.32 W, 53, 1695 MHz, 9501 MHz
2026/10/03 16:51:40.766, 1, 21006 MiB, 100 %, 190.16 W, 53, 1965 MHz, 9501 MHz
2026/10/03 16:51:41.766, 0, 21006 MiB, 20 %, 136.94 W, 52, 1695 MHz, 9501 MHz
2026/10/03 16:51:41.767, 1, 21006 MiB, 100 %, 189.64 W, 54, 1965 MHz, 9501 MHz
2026/10/03 16:51:42.767, 0, 21006 MiB, 20 %, 136.61 W, 52, 1695 MHz, 9501 MHz
2026/10/03 16:51:42.767, 1, 21006 MiB, 100 %, 189.47 W, 53, 1965 MHz, 9501 MHz
2026/10/03 16:51:43.767, 0, 21006 MiB, 20 %, 136.76 W, 52, 1695 MHz, 9501 MHz
2026/10/03 16:51:43.767, 1, 21006 MiB, 100 %, 189.53 W, 53, 1965 MHz, 9501 MHz
2026/10/03 16:51:44.768, 0, 21006 MiB, 20 %, 136.73 W, 52, 1695 MHz, 9501 MHz
2026/10/03 16:51:44.768, 1, 21006 MiB, 100 %, 189.66 W, 54, 1965 MHz, 9501 MHz
2026/10/03 16:51:45.768, 0, 21006 MiB, 19 %, 136.73 W, 52, 1695 MHz, 9501 MHz
2026/10/03 16:51:45.768, 1, 21006 MiB, 100 %, 189.52 W, 54, 1965 MHz, 9501 MHz
2026/10/03 16:51:46.768, 0, 21006 MiB, 20 %, 136.20 W, 52, 1695 MHz, 9501 MHz
2026/10/03 16:51:46.769, 1, 21006 MiB, 100 %, 189.18 W, 53, 1965 MHz, 9501 MHz
2026/10/03 16:51:47.769, 0, 21006 MiB, 19 %, 136.46 W, 52, 1695 MHz, 9501 MHz
2026/10/03 16:51:47.769, 1, 21006 MiB, 100 %, 189.18 W, 54, 1965 MHz, 9501 MHz
2026/10/03 16:51:48.770, 0, 21006 MiB, 19 %, 136.62 W, 52, 1695 MHz, 9501 MHz
2026/10/03 16:51:48.770, 1, 21006 MiB, 100 %, 189.32 W, 54, 1965 MHz, 9501 MHz
2026/10/03 16:51:49.770, 0, 21006 MiB, 20 %, 136.62 W, 52, 1695 MHz, 9501 MHz
2026/10/03 16:51:49.770, 1, 21006 MiB, 100 %, 189.40 W, 54, 1965 MHz, 9501 MHz
2026/10/03 16:51:50.770, 0, 21006 MiB, 21 %, 136.49 W, 52, 1695 MHz, 9501 MHz
2026/10/03 16:51:50.771, 1, 21006 MiB, 100 %, 189.13 W, 54, 1965 MHz, 9501 MHz
2026/10/03 16:51:51.771, 0, 21006 MiB, 20 %, 136.72 W, 52, 1695 MHz, 9501 MHz
2026/10/03 16:51:51.771, 1, 21006 MiB, 100 %, 189.69 W, 54, 1965 MHz, 9501 MHz
2026/10/03 16:51:52.771, 0, 21006 MiB, 100 %, 187.12 W, 56, 1980 MHz, 9501 MHz
2026/10/03 16:51:52.771, 1, 21006 MiB, 100 %, 218.31 W, 55, 1965 MHz, 9501 MHz
2026/10/03 16:51:53.771, 0, 21006 MiB, 19 %, 215.39 W, 54, 1980 MHz, 9501 MHz
2026/10/03 16:51:53.771, 1, 21006 MiB, 100 %, 222.56 W, 54, 1965 MHz, 9501 MHz
2026/10/03 16:51:54.772, 0, 21006 MiB, 20 %, 173.25 W, 54, 1980 MHz, 9501 MHz
2026/10/03 16:51:54.772, 1, 21006 MiB, 100 %, 189.05 W, 54, 1965 MHz, 9501 MHz
2026/10/03 16:51:55.772, 0, 21006 MiB, 19 %, 149.11 W, 52, 1695 MHz, 9501 MHz
2026/10/03 16:51:55.772, 1, 21006 MiB, 100 %, 187.57 W, 54, 1965 MHz, 9501 MHz
2026/10/03 16:51:56.772, 0, 21006 MiB, 19 %, 135.61 W, 52, 1695 MHz, 9501 MHz
2026/10/03 16:51:56.772, 1, 21006 MiB, 100 %, 187.63 W, 54, 1965 MHz, 9501 MHz
2026/10/03 16:51:57.772, 0, 21006 MiB, 19 %, 135.56 W, 52, 1695 MHz, 9501 MHz
2026/10/03 16:51:57.773, 1, 21006 MiB, 100 %, 187.85 W, 54, 1965 MHz, 9501 MHz
2026/10/03 16:51:58.773, 0, 21006 MiB, 20 %, 136.06 W, 52, 1695 MHz, 9501 MHz
2026/10/03 16:51:58.773, 1, 21006 MiB, 100 %, 188.38 W, 54, 1965 MHz, 9501 MHz
2026/10/03 16:51:59.773, 0, 21006 MiB, 19 %, 135.66 W, 52, 1695 MHz, 9501 MHz
2026/10/03 16:51:59.773, 1, 21006 MiB, 100 %, 188.03 W, 54, 1965 MHz, 9501 MHz
2026/10/03 16:52:00.774, 0, 21006 MiB, 19 %, 135.91 W, 52, 1695 MHz, 9501 MHz
2026/10/03 16:52:00.774, 1, 21006 MiB, 100 %, 188.27 W, 54, 1965 MHz, 9501 MHz
2026/10/03 16:52:01.774, 0, 21006 MiB, 19 %, 136.01 W, 52, 1695 MHz, 9501 MHz
2026/10/03 16:52:01.774, 1, 21006 MiB, 100 %, 188.41 W, 54, 1965 MHz, 9501 MHz
2026/10/03 16:52:02.774, 0, 21006 MiB, 19 %, 136.36 W, 52, 1695 MHz, 9501 MHz
2026/10/03 16:52:02.775, 1, 21006 MiB, 100 %, 189.09 W, 54, 1965 MHz, 9501 MHz
2026/10/03 16:52:03.775, 0, 21006 MiB, 19 %, 135.86 W, 52, 1695 MHz, 9501 MHz
2026/10/03 16:52:03.775, 1, 21006 MiB, 100 %, 188.57 W, 54, 1965 MHz, 9501 MHz
2026/10/03 16:52:04.775, 0, 21006 MiB, 20 %, 135.92 W, 52, 1695 MHz, 9501 MHz
2026/10/03 16:52:04.775, 1, 21006 MiB, 100 %, 188.62 W, 54, 1965 MHz, 9501 MHz
2026/10/03 16:52:05.775, 0, 21006 MiB, 19 %, 135.59 W, 52, 1695 MHz, 9501 MHz
2026/10/03 16:52:05.776, 1, 21006 MiB, 100 %, 188.15 W, 54, 1965 MHz, 9501 MHz
2026/10/03 16:52:06.776, 0, 21006 MiB, 20 %, 136.23 W, 52, 1695 MHz, 9501 MHz
2026/10/03 16:52:06.776, 1, 21006 MiB, 100 %, 188.67 W, 54, 1965 MHz, 9501 MHz
2026/10/03 16:52:07.776, 0, 21006 MiB, 20 %, 136.24 W, 52, 1695 MHz, 9501 MHz
2026/10/03 16:52:07.776, 1, 21006 MiB, 100 %, 188.86 W, 54, 1965 MHz, 9501 MHz
2026/10/03 16:52:08.776, 0, 21006 MiB, 0 %, 128.99 W, 51, 1695 MHz, 9501 MHz
2026/10/03 16:52:08.776, 1, 21006 MiB, 0 %, 173.80 W, 53, 1965 MHz, 9501 MHz
2026/10/03 16:52:09.777, 0, 21006 MiB, 0 %, 120.56 W, 51, 1695 MHz, 9501 MHz
2026/10/03 16:52:09.777, 1, 21006 MiB, 0 %, 153.06 W, 53, 1965 MHz, 9501 MHz
2026/10/03 16:52:10.777, 0, 21006 MiB, 0 %, 119.04 W, 51, 1695 MHz, 9501 MHz
2026/10/03 16:52:10.777, 1, 21006 MiB, 0 %, 143.67 W, 52, 1695 MHz, 9501 MHz
2026/10/03 16:52:11.777, 0, 21006 MiB, 0 %, 118.95 W, 51, 1695 MHz, 9501 MHz
2026/10/03 16:52:11.778, 1, 21006 MiB, 0 %, 132.22 W, 52, 1695 MHz, 9501 MHz
2026/10/03 16:52:12.778, 0, 21006 MiB, 0 %, 118.84 W, 51, 1695 MHz, 9501 MHz
2026/10/03 16:52:12.778, 1, 21006 MiB, 0 %, 120.93 W, 51, 1695 MHz, 9501 MHz
2026/10/03 16:52:13.778, 0, 21006 MiB, 0 %, 118.70 W, 51, 1695 MHz, 9501 MHz
2026/10/03 16:52:13.778, 1, 21006 MiB, 0 %, 120.73 W, 51, 1695 MHz, 9501 MHz
2026/10/03 16:52:14.778, 0, 21006 MiB, 0 %, 118.55 W, 51, 1695 MHz, 9501 MHz
2026/10/03 16:52:14.779, 1, 21006 MiB, 0 %, 120.80 W, 51, 1695 MHz, 9501 MHz
2026/10/03 16:52:15.779, 0, 21006 MiB, 0 %, 118.55 W, 50, 1695 MHz, 9501 MHz
2026/10/03 16:52:15.779, 1, 21006 MiB, 0 %, 120.72 W, 51, 1695 MHz, 9501 MHz
2026/10/03 16:52:16.779, 0, 21006 MiB, 0 %, 118.53 W, 51, 1695 MHz, 9501 MHz
2026/10/03 16:52:16.779, 1, 21006 MiB, 0 %, 120.66 W, 51, 1695 MHz, 9501 MHz
2026/10/03 16:52:17.780, 0, 21006 MiB, 0 %, 118.43 W, 50, 1695 MHz, 9501 MHz
2026/10/03 16:52:17.780, 1, 21006 MiB, 0 %, 120.57 W, 50, 1695 MHz, 9501 MHz
2026/10/03 16:52:18.780, 0, 21006 MiB, 100 %, 123.97 W, 52, 1695 MHz, 9501 MHz
2026/10/03 16:52:18.780, 1, 21006 MiB, 100 %, 126.15 W, 52, 1965 MHz, 9501 MHz
2026/10/03 16:52:19.780, 0, 21006 MiB, 13 %, 182.80 W, 52, 1980 MHz, 9501 MHz
2026/10/03 16:52:19.781, 1, 21006 MiB, 100 %, 199.17 W, 52, 1965 MHz, 9501 MHz
2026/10/03 16:52:20.781, 0, 21006 MiB, 13 %, 162.07 W, 52, 1980 MHz, 9501 MHz
2026/10/03 16:52:20.781, 1, 21006 MiB, 100 %, 177.76 W, 52, 1965 MHz, 9501 MHz
2026/10/03 16:52:21.781, 0, 21006 MiB, 14 %, 142.12 W, 51, 1695 MHz, 9501 MHz
2026/10/03 16:52:21.781, 1, 21006 MiB, 100 %, 178.46 W, 52, 1965 MHz, 9501 MHz
2026/10/03 16:52:22.782, 0, 21006 MiB, 15 %, 130.71 W, 51, 1695 MHz, 9501 MHz
2026/10/03 16:52:22.782, 1, 21006 MiB, 100 %, 180.27 W, 52, 1965 MHz, 9501 MHz
2026/10/03 16:52:23.782, 0, 21006 MiB, 15 %, 131.16 W, 51, 1695 MHz, 9501 MHz
2026/10/03 16:52:23.782, 1, 21006 MiB, 100 %, 180.91 W, 52, 1965 MHz, 9501 MHz
2026/10/03 16:52:24.783, 0, 21006 MiB, 15 %, 131.12 W, 51, 1695 MHz, 9501 MHz
2026/10/03 16:52:24.783, 1, 21006 MiB, 100 %, 180.80 W, 52, 1965 MHz, 9501 MHz
2026/10/03 16:52:25.783, 0, 21006 MiB, 17 %, 131.40 W, 51, 1695 MHz, 9501 MHz
2026/10/03 16:52:25.783, 1, 21006 MiB, 100 %, 181.27 W, 52, 1965 MHz, 9501 MHz
2026/10/03 16:52:26.783, 0, 21006 MiB, 16 %, 131.54 W, 51, 1695 MHz, 9501 MHz
2026/10/03 16:52:26.784, 1, 21006 MiB, 100 %, 181.29 W, 52, 1965 MHz, 9501 MHz
2026/10/03 16:52:27.784, 0, 21006 MiB, 15 %, 131.37 W, 51, 1695 MHz, 9501 MHz
2026/10/03 16:52:27.784, 1, 21006 MiB, 100 %, 181.02 W, 52, 1965 MHz, 9501 MHz
2026/10/03 16:52:28.784, 0, 21006 MiB, 16 %, 131.15 W, 51, 1695 MHz, 9501 MHz
2026/10/03 16:52:28.785, 1, 21006 MiB, 100 %, 181.10 W, 52, 1965 MHz, 9501 MHz
2026/10/03 16:52:29.785, 0, 21006 MiB, 16 %, 131.54 W, 51, 1695 MHz, 9501 MHz
2026/10/03 16:52:29.785, 1, 21006 MiB, 100 %, 181.37 W, 52, 1965 MHz, 9501 MHz
2026/10/03 16:52:30.785, 0, 21006 MiB, 16 %, 131.43 W, 51, 1695 MHz, 9501 MHz
2026/10/03 16:52:30.786, 1, 21006 MiB, 100 %, 181.36 W, 52, 1965 MHz, 9501 MHz
2026/10/03 16:52:31.786, 0, 21006 MiB, 16 %, 131.21 W, 51, 1695 MHz, 9501 MHz
2026/10/03 16:52:31.786, 1, 21006 MiB, 100 %, 181.20 W, 52, 1965 MHz, 9501 MHz
2026/10/03 16:52:32.786, 0, 21006 MiB, 16 %, 131.11 W, 51, 1695 MHz, 9501 MHz
2026/10/03 16:52:32.786, 1, 21006 MiB, 100 %, 181.16 W, 52, 1965 MHz, 9501 MHz
2026/10/03 16:52:33.787, 0, 21006 MiB, 16 %, 131.22 W, 51, 1695 MHz, 9501 MHz
2026/10/03 16:52:33.787, 1, 21006 MiB, 100 %, 181.19 W, 52, 1965 MHz, 9501 MHz
2026/10/03 16:52:34.787, 0, 21006 MiB, 100 %, 134.17 W, 51, 1695 MHz, 9501 MHz
2026/10/03 16:52:34.787, 1, 21006 MiB, 100 %, 184.44 W, 53, 1965 MHz, 9501 MHz
2026/10/03 16:52:35.787, 0, 21006 MiB, 100 %, 226.40 W, 55, 1980 MHz, 9501 MHz
2026/10/03 16:52:35.788, 1, 21006 MiB, 100 %, 241.39 W, 54, 1965 MHz, 9501 MHz
2026/10/03 16:52:36.788, 0, 21006 MiB, 77 %, 241.19 W, 55, 1980 MHz, 9501 MHz
2026/10/03 16:52:36.788, 1, 21006 MiB, 100 %, 239.38 W, 54, 1965 MHz, 9501 MHz
2026/10/03 16:52:37.788, 0, 21006 MiB, 23 %, 185.36 W, 53, 1980 MHz, 9501 MHz
2026/10/03 16:52:37.789, 1, 21006 MiB, 100 %, 191.72 W, 53, 1965 MHz, 9501 MHz
2026/10/03 16:52:38.789, 0, 21006 MiB, 20 %, 176.12 W, 53, 1980 MHz, 9501 MHz
2026/10/03 16:52:38.789, 1, 21006 MiB, 100 %, 191.73 W, 53, 1965 MHz, 9501 MHz
2026/10/03 16:52:39.789, 0, 21006 MiB, 98 %, 173.93 W, 54, 1980 MHz, 9501 MHz
2026/10/03 16:52:39.789, 1, 21006 MiB, 22 %, 184.93 W, 53, 1965 MHz, 9501 MHz
2026/10/03 16:52:40.790, 0, 21006 MiB, 21 %, 183.36 W, 53, 1980 MHz, 9501 MHz
2026/10/03 16:52:40.790, 1, 21006 MiB, 100 %, 186.14 W, 53, 1965 MHz, 9501 MHz
2026/10/03 16:52:41.790, 0, 21006 MiB, 22 %, 176.27 W, 53, 1980 MHz, 9501 MHz
2026/10/03 16:52:41.791, 1, 21006 MiB, 100 %, 192.38 W, 53, 1965 MHz, 9501 MHz
2026/10/03 16:52:42.791, 0, 21006 MiB, 23 %, 153.53 W, 52, 1695 MHz, 9501 MHz
2026/10/03 16:52:42.791, 1, 21006 MiB, 100 %, 193.25 W, 53, 1965 MHz, 9501 MHz
2026/10/03 16:52:43.791, 0, 21006 MiB, 24 %, 138.84 W, 52, 1695 MHz, 9501 MHz
2026/10/03 16:52:43.791, 1, 21006 MiB, 100 %, 192.73 W, 53, 1965 MHz, 9501 MHz
2026/10/03 16:52:44.792, 0, 21006 MiB, 25 %, 139.63 W, 52, 1695 MHz, 9501 MHz
2026/10/03 16:52:44.792, 1, 21006 MiB, 100 %, 193.97 W, 53, 1965 MHz, 9501 MHz
2026/10/03 16:52:45.792, 0, 21006 MiB, 23 %, 139.42 W, 52, 1695 MHz, 9501 MHz
2026/10/03 16:52:45.792, 1, 21006 MiB, 100 %, 193.82 W, 53, 1965 MHz, 9501 MHz
2026/10/03 16:52:46.793, 0, 21006 MiB, 100 %, 162.34 W, 54, 1980 MHz, 9501 MHz
2026/10/03 16:52:46.793, 1, 21006 MiB, 22 %, 184.95 W, 53, 1965 MHz, 9501 MHz
2026/10/03 16:52:47.793, 0, 21006 MiB, 100 %, 190.95 W, 54, 1980 MHz, 9501 MHz
2026/10/03 16:52:47.793, 1, 21006 MiB, 22 %, 178.93 W, 53, 1965 MHz, 9501 MHz
2026/10/03 16:52:48.794, 0, 21006 MiB, 100 %, 191.51 W, 54, 1980 MHz, 9501 MHz
2026/10/03 16:52:48.794, 1, 21006 MiB, 24 %, 150.40 W, 52, 1695 MHz, 9501 MHz
2026/10/03 16:52:49.794, 0, 21006 MiB, 100 %, 191.93 W, 54, 1980 MHz, 9501 MHz
2026/10/03 16:52:49.794, 1, 21006 MiB, 23 %, 143.55 W, 52, 1695 MHz, 9501 MHz
2026/10/03 16:52:50.794, 0, 21006 MiB, 100 %, 191.92 W, 55, 1980 MHz, 9501 MHz
2026/10/03 16:52:50.795, 1, 21006 MiB, 24 %, 143.44 W, 52, 1695 MHz, 9501 MHz
2026/10/03 16:52:51.795, 0, 21006 MiB, 100 %, 192.30 W, 55, 1980 MHz, 9501 MHz
2026/10/03 16:52:51.795, 1, 21006 MiB, 22 %, 143.47 W, 51, 1695 MHz, 9501 MHz
2026/10/03 16:52:52.795, 0, 21006 MiB, 100 %, 235.12 W, 57, 1980 MHz, 9501 MHz
2026/10/03 16:52:52.796, 1, 21006 MiB, 100 %, 228.25 W, 54, 1965 MHz, 9501 MHz
2026/10/03 16:52:53.797, 0, 21006 MiB, 100 %, 243.21 W, 57, 1980 MHz, 9501 MHz
2026/10/03 16:52:53.797, 1, 21006 MiB, 100 %, 242.28 W, 55, 1965 MHz, 9501 MHz
2026/10/03 16:52:54.798, 0, 21006 MiB, 23 %, 199.76 W, 55, 1980 MHz, 9501 MHz
2026/10/03 16:52:54.799, 1, 21006 MiB, 100 %, 205.62 W, 53, 1965 MHz, 9501 MHz
2026/10/03 16:52:55.800, 0, 21006 MiB, 20 %, 183.67 W, 55, 1980 MHz, 9501 MHz
2026/10/03 16:52:55.800, 1, 21006 MiB, 100 %, 188.12 W, 53, 1965 MHz, 9501 MHz
2026/10/03 16:52:56.801, 0, 21006 MiB, 24 %, 179.14 W, 55, 1980 MHz, 9501 MHz
2026/10/03 16:52:56.802, 1, 21006 MiB, 97 %, 193.78 W, 53, 1965 MHz, 9501 MHz
2026/10/03 16:52:57.803, 0, 21006 MiB, 22 %, 186.86 W, 55, 1980 MHz, 9501 MHz
2026/10/03 16:52:57.804, 1, 21006 MiB, 100 %, 183.62 W, 53, 1965 MHz, 9501 MHz
2026/10/03 16:52:58.805, 0, 21006 MiB, 23 %, 178.61 W, 55, 1980 MHz, 9501 MHz
2026/10/03 16:52:58.805, 1, 21006 MiB, 100 %, 192.76 W, 53, 1965 MHz, 9501 MHz
2026/10/03 16:52:59.806, 0, 21006 MiB, 25 %, 168.57 W, 54, 1695 MHz, 9501 MHz
2026/10/03 16:52:59.807, 1, 21006 MiB, 100 %, 192.86 W, 53, 1965 MHz, 9501 MHz
2026/10/03 16:53:00.807, 0, 21006 MiB, 25 %, 140.71 W, 53, 1695 MHz, 9501 MHz
2026/10/03 16:53:00.807, 1, 21006 MiB, 100 %, 193.78 W, 53, 1965 MHz, 9501 MHz
2026/10/03 16:53:01.807, 0, 21006 MiB, 25 %, 140.76 W, 53, 1695 MHz, 9501 MHz
2026/10/03 16:53:01.807, 1, 21006 MiB, 100 %, 194.38 W, 53, 1965 MHz, 9501 MHz
2026/10/03 16:53:02.808, 0, 21006 MiB, 24 %, 139.82 W, 53, 1695 MHz, 9501 MHz
2026/10/03 16:53:02.808, 1, 21006 MiB, 100 %, 192.77 W, 53, 1965 MHz, 9501 MHz
2026/10/03 16:53:03.808, 0, 21006 MiB, 23 %, 139.46 W, 53, 1695 MHz, 9501 MHz
2026/10/03 16:53:03.808, 1, 21006 MiB, 100 %, 192.12 W, 53, 1965 MHz, 9501 MHz
2026/10/03 16:53:04.808, 0, 21006 MiB, 24 %, 139.88 W, 53, 1695 MHz, 9501 MHz
2026/10/03 16:53:04.809, 1, 21006 MiB, 100 %, 193.52 W, 53, 1965 MHz, 9501 MHz
2026/10/03 16:53:05.809, 0, 21006 MiB, 24 %, 140.76 W, 53, 1695 MHz, 9501 MHz
2026/10/03 16:53:05.809, 1, 21006 MiB, 100 %, 194.51 W, 53, 1965 MHz, 9501 MHz
2026/10/03 16:53:06.809, 0, 21006 MiB, 25 %, 140.24 W, 53, 1695 MHz, 9501 MHz
2026/10/03 16:53:06.810, 1, 21006 MiB, 100 %, 193.73 W, 54, 1965 MHz, 9501 MHz
2026/10/03 16:53:07.810, 0, 21006 MiB, 24 %, 139.91 W, 52, 1695 MHz, 9501 MHz
2026/10/03 16:53:07.810, 1, 21006 MiB, 100 %, 193.67 W, 54, 1965 MHz, 9501 MHz
2026/10/03 16:53:08.810, 0, 21006 MiB, 26 %, 141.04 W, 53, 1695 MHz, 9501 MHz
2026/10/03 16:53:08.810, 1, 21006 MiB, 100 %, 194.81 W, 54, 1965 MHz, 9501 MHz
2026/10/03 16:53:09.811, 0, 21006 MiB, 100 %, 207.83 W, 57, 1980 MHz, 9501 MHz
2026/10/03 16:53:09.811, 1, 21006 MiB, 100 %, 233.14 W, 55, 1965 MHz, 9501 MHz
2026/10/03 16:53:10.811, 0, 21006 MiB, 100 %, 241.48 W, 57, 1980 MHz, 9501 MHz
2026/10/03 16:53:10.811, 1, 21006 MiB, 100 %, 241.14 W, 55, 1965 MHz, 9501 MHz
2026/10/03 16:53:11.811, 0, 21006 MiB, 23 %, 207.29 W, 55, 1980 MHz, 9501 MHz
2026/10/03 16:53:11.812, 1, 21006 MiB, 100 %, 216.64 W, 54, 1965 MHz, 9501 MHz
2026/10/03 16:53:12.812, 0, 21006 MiB, 23 %, 182.36 W, 55, 1980 MHz, 9501 MHz
2026/10/03 16:53:12.812, 1, 21006 MiB, 100 %, 197.02 W, 54, 1965 MHz, 9501 MHz
2026/10/03 16:53:13.812, 0, 21006 MiB, 27 %, 154.35 W, 53, 1695 MHz, 9501 MHz
2026/10/03 16:53:13.812, 1, 21006 MiB, 100 %, 198.03 W, 54, 1965 MHz, 9501 MHz
2026/10/03 16:53:14.813, 0, 21006 MiB, 27 %, 144.41 W, 53, 1695 MHz, 9501 MHz
2026/10/03 16:53:14.813, 1, 21006 MiB, 100 %, 199.89 W, 54, 1965 MHz, 9501 MHz
2026/10/03 16:53:15.813, 0, 21006 MiB, 26 %, 144.49 W, 53, 1695 MHz, 9501 MHz
2026/10/03 16:53:15.813, 1, 21006 MiB, 100 %, 200.17 W, 54, 1965 MHz, 9501 MHz
2026/10/03 16:53:16.814, 0, 21006 MiB, 28 %, 143.56 W, 53, 1695 MHz, 9501 MHz
2026/10/03 16:53:16.814, 1, 21006 MiB, 100 %, 198.83 W, 54, 1965 MHz, 9501 MHz
2026/10/03 16:53:17.814, 0, 21006 MiB, 26 %, 144.10 W, 53, 1695 MHz, 9501 MHz
2026/10/03 16:53:17.814, 1, 21006 MiB, 100 %, 199.76 W, 54, 1965 MHz, 9501 MHz
2026/10/03 16:53:18.815, 0, 21006 MiB, 26 %, 144.37 W, 53, 1695 MHz, 9501 MHz
2026/10/03 16:53:18.815, 1, 21006 MiB, 100 %, 200.19 W, 54, 1965 MHz, 9501 MHz
2026/10/03 16:53:19.815, 0, 21006 MiB, 48 %, 147.75 W, 54, 1890 MHz, 9501 MHz
2026/10/03 16:53:19.815, 1, 21006 MiB, 26 %, 195.68 W, 54, 1965 MHz, 9501 MHz
2026/10/03 16:53:20.815, 0, 21006 MiB, 100 %, 192.58 W, 55, 1980 MHz, 9501 MHz
2026/10/03 16:53:20.816, 1, 21006 MiB, 23 %, 183.79 W, 54, 1965 MHz, 9501 MHz
2026/10/03 16:53:21.816, 0, 21006 MiB, 100 %, 195.54 W, 55, 1980 MHz, 9501 MHz
2026/10/03 16:53:21.816, 1, 21006 MiB, 25 %, 173.71 W, 53, 1695 MHz, 9501 MHz
2026/10/03 16:53:22.816, 0, 21006 MiB, 100 %, 196.06 W, 56, 1980 MHz, 9501 MHz
2026/10/03 16:53:22.816, 1, 21006 MiB, 25 %, 146.49 W, 52, 1695 MHz, 9501 MHz
2026/10/03 16:53:23.817, 0, 21006 MiB, 100 %, 196.32 W, 56, 1980 MHz, 9501 MHz
2026/10/03 16:53:23.817, 1, 21006 MiB, 25 %, 146.55 W, 52, 1695 MHz, 9501 MHz
2026/10/03 16:53:24.817, 0, 21006 MiB, 100 %, 196.28 W, 56, 1980 MHz, 9501 MHz
2026/10/03 16:53:24.817, 1, 21006 MiB, 25 %, 146.22 W, 52, 1695 MHz, 9501 MHz
2026/10/03 16:53:25.817, 0, 21006 MiB, 100 %, 199.72 W, 56, 1980 MHz, 9501 MHz
2026/10/03 16:53:25.818, 1, 21006 MiB, 71 %, 147.79 W, 52, 1695 MHz, 9501 MHz
2026/10/03 16:53:26.818, 0, 21006 MiB, 100 %, 247.43 W, 58, 1980 MHz, 9501 MHz
2026/10/03 16:53:26.818, 1, 21006 MiB, 100 %, 234.20 W, 55, 1965 MHz, 9501 MHz
2026/10/03 16:53:27.818, 0, 21006 MiB, 100 %, 246.29 W, 58, 1980 MHz, 9501 MHz
2026/10/03 16:53:27.819, 1, 21006 MiB, 100 %, 244.45 W, 55, 1965 MHz, 9501 MHz
2026/10/03 16:53:28.819, 0, 21006 MiB, 100 %, 204.66 W, 57, 1980 MHz, 9501 MHz
2026/10/03 16:53:28.819, 1, 21006 MiB, 24 %, 202.94 W, 53, 1965 MHz, 9501 MHz
2026/10/03 16:53:29.819, 0, 21006 MiB, 100 %, 200.79 W, 57, 1980 MHz, 9501 MHz
2026/10/03 16:53:29.819, 1, 21006 MiB, 25 %, 186.96 W, 53, 1965 MHz, 9501 MHz
2026/10/03 16:53:30.820, 0, 21006 MiB, 100 %, 201.12 W, 57, 1980 MHz, 9501 MHz
2026/10/03 16:53:30.820, 1, 21006 MiB, 25 %, 163.49 W, 52, 1695 MHz, 9501 MHz
2026/10/03 16:53:31.820, 0, 21006 MiB, 100 %, 201.24 W, 57, 1980 MHz, 9501 MHz
2026/10/03 16:53:31.820, 1, 21006 MiB, 27 %, 149.38 W, 52, 1695 MHz, 9501 MHz
2026/10/03 16:53:32.820, 0, 21006 MiB, 100 %, 200.77 W, 57, 1980 MHz, 9501 MHz
2026/10/03 16:53:32.821, 1, 21006 MiB, 26 %, 148.50 W, 52, 1695 MHz, 9501 MHz
2026/10/03 16:53:33.821, 0, 21006 MiB, 100 %, 200.83 W, 57, 1980 MHz, 9501 MHz
2026/10/03 16:53:33.821, 1, 21006 MiB, 27 %, 148.46 W, 52, 1695 MHz, 9501 MHz
2026/10/03 16:53:34.821, 0, 21006 MiB, 100 %, 201.18 W, 57, 1980 MHz, 9501 MHz
2026/10/03 16:53:34.821, 1, 21006 MiB, 26 %, 148.27 W, 52, 1695 MHz, 9501 MHz
2026/10/03 16:53:35.821, 0, 21006 MiB, 100 %, 201.10 W, 57, 1980 MHz, 9501 MHz
2026/10/03 16:53:35.822, 1, 21006 MiB, 26 %, 148.17 W, 52, 1695 MHz, 9501 MHz
2026/10/03 16:53:36.822, 0, 21006 MiB, 100 %, 201.68 W, 57, 1980 MHz, 9501 MHz
2026/10/03 16:53:36.822, 1, 21006 MiB, 25 %, 148.27 W, 52, 1695 MHz, 9501 MHz
2026/10/03 16:53:37.822, 0, 21006 MiB, 100 %, 201.87 W, 57, 1980 MHz, 9501 MHz
2026/10/03 16:53:37.822, 1, 21006 MiB, 26 %, 148.83 W, 51, 1695 MHz, 9501 MHz
2026/10/03 16:53:38.823, 0, 21006 MiB, 100 %, 201.83 W, 57, 1980 MHz, 9501 MHz
2026/10/03 16:53:38.823, 1, 21006 MiB, 25 %, 148.33 W, 51, 1695 MHz, 9501 MHz
2026/10/03 16:53:39.823, 0, 21006 MiB, 100 %, 201.13 W, 58, 1980 MHz, 9501 MHz
2026/10/03 16:53:39.823, 1, 21006 MiB, 26 %, 147.94 W, 51, 1695 MHz, 9501 MHz
2026/10/03 16:53:40.823, 0, 21006 MiB, 100 %, 201.52 W, 58, 1980 MHz, 9501 MHz
2026/10/03 16:53:40.823, 1, 21006 MiB, 25 %, 148.24 W, 51, 1695 MHz, 9501 MHz
2026/10/03 16:53:41.823, 0, 21006 MiB, 100 %, 201.31 W, 58, 1980 MHz, 9501 MHz
2026/10/03 16:53:41.824, 1, 21006 MiB, 26 %, 147.34 W, 51, 1695 MHz, 9501 MHz
2026/10/03 16:53:42.824, 0, 21006 MiB, 100 %, 217.26 W, 59, 1980 MHz, 9501 MHz
2026/10/03 16:53:42.824, 1, 21006 MiB, 100 %, 175.08 W, 53, 1965 MHz, 9501 MHz
2026/10/03 16:53:43.824, 0, 21006 MiB, 100 %, 252.09 W, 60, 1980 MHz, 9501 MHz
2026/10/03 16:53:43.824, 1, 21006 MiB, 100 %, 247.66 W, 54, 1965 MHz, 9501 MHz
2026/10/03 16:53:44.825, 0, 21006 MiB, 25 %, 243.10 W, 60, 1965 MHz, 9501 MHz
2026/10/03 16:53:44.825, 1, 21006 MiB, 100 %, 240.49 W, 54, 1965 MHz, 9501 MHz
2026/10/03 16:53:45.825, 0, 21006 MiB, 25 %, 187.57 W, 58, 1965 MHz, 9501 MHz
2026/10/03 16:53:45.825, 1, 21006 MiB, 100 %, 199.02 W, 53, 1965 MHz, 9501 MHz
2026/10/03 16:53:46.825, 0, 21006 MiB, 27 %, 180.06 W, 56, 1695 MHz, 9501 MHz
2026/10/03 16:53:46.825, 1, 21006 MiB, 100 %, 199.08 W, 53, 1965 MHz, 9501 MHz
2026/10/03 16:53:47.825, 0, 21006 MiB, 27 %, 145.47 W, 56, 1695 MHz, 9501 MHz
2026/10/03 16:53:47.826, 1, 21006 MiB, 100 %, 199.53 W, 53, 1965 MHz, 9501 MHz
2026/10/03 16:53:48.826, 0, 21006 MiB, 27 %, 145.40 W, 55, 1695 MHz, 9501 MHz
2026/10/03 16:53:48.826, 1, 21006 MiB, 100 %, 199.51 W, 53, 1965 MHz, 9501 MHz
2026/10/03 16:53:49.826, 0, 21006 MiB, 27 %, 145.65 W, 55, 1695 MHz, 9501 MHz
2026/10/03 16:53:49.826, 1, 21006 MiB, 100 %, 199.48 W, 53, 1965 MHz, 9501 MHz
2026/10/03 16:53:50.826, 0, 21006 MiB, 26 %, 146.07 W, 55, 1695 MHz, 9501 MHz
2026/10/03 16:53:50.827, 1, 21006 MiB, 100 %, 199.79 W, 53, 1965 MHz, 9501 MHz
2026/10/03 16:53:51.827, 0, 21006 MiB, 27 %, 146.06 W, 55, 1695 MHz, 9501 MHz
2026/10/03 16:53:51.827, 1, 21006 MiB, 100 %, 199.56 W, 53, 1965 MHz, 9501 MHz
2026/10/03 16:53:52.827, 0, 21006 MiB, 27 %, 146.48 W, 55, 1695 MHz, 9501 MHz
2026/10/03 16:53:52.827, 1, 21006 MiB, 100 %, 200.23 W, 53, 1965 MHz, 9501 MHz
2026/10/03 16:53:53.827, 0, 21006 MiB, 27 %, 146.34 W, 55, 1695 MHz, 9501 MHz
2026/10/03 16:53:53.828, 1, 21006 MiB, 100 %, 200.67 W, 53, 1965 MHz, 9501 MHz
2026/10/03 16:53:54.828, 0, 21006 MiB, 27 %, 146.13 W, 55, 1695 MHz, 9501 MHz
2026/10/03 16:53:54.828, 1, 21006 MiB, 100 %, 200.26 W, 53, 1965 MHz, 9501 MHz
2026/10/03 16:53:55.828, 0, 21006 MiB, 27 %, 146.16 W, 54, 1695 MHz, 9501 MHz
2026/10/03 16:53:55.828, 1, 21006 MiB, 100 %, 200.24 W, 53, 1965 MHz, 9501 MHz
2026/10/03 16:53:56.829, 0, 21006 MiB, 28 %, 146.30 W, 54, 1695 MHz, 9501 MHz
2026/10/03 16:53:56.829, 1, 21006 MiB, 100 %, 200.51 W, 53, 1965 MHz, 9501 MHz
2026/10/03 16:53:57.829, 0, 21006 MiB, 26 %, 146.13 W, 54, 1695 MHz, 9501 MHz
2026/10/03 16:53:57.829, 1, 21006 MiB, 100 %, 200.55 W, 53, 1965 MHz, 9501 MHz
2026/10/03 16:53:58.829, 0, 21006 MiB, 100 %, 146.98 W, 54, 1695 MHz, 9501 MHz
2026/10/03 16:53:58.830, 1, 21006 MiB, 24 %, 198.74 W, 53, 1965 MHz, 9501 MHz
2026/10/03 16:53:59.830, 0, 21006 MiB, 100 %, 229.73 W, 58, 1980 MHz, 9501 MHz
2026/10/03 16:53:59.830, 1, 21006 MiB, 100 %, 228.36 W, 55, 1965 MHz, 9501 MHz
2026/10/03 16:54:00.830, 0, 21006 MiB, 100 %, 250.99 W, 59, 1980 MHz, 9501 MHz
2026/10/03 16:54:00.830, 1, 21006 MiB, 100 %, 248.32 W, 55, 1965 MHz, 9501 MHz
2026/10/03 16:54:01.830, 0, 21006 MiB, 22 %, 217.97 W, 57, 1980 MHz, 9501 MHz
2026/10/03 16:54:01.831, 1, 21006 MiB, 100 %, 222.29 W, 54, 1965 MHz, 9501 MHz
2026/10/03 16:54:02.831, 0, 21006 MiB, 24 %, 181.08 W, 57, 1980 MHz, 9501 MHz
2026/10/03 16:54:02.831, 1, 21006 MiB, 100 %, 193.49 W, 54, 1965 MHz, 9501 MHz
2026/10/03 16:54:03.831, 0, 21006 MiB, 25 %, 160.45 W, 55, 1695 MHz, 9501 MHz
2026/10/03 16:54:03.831, 1, 21006 MiB, 100 %, 194.14 W, 54, 1965 MHz, 9501 MHz
2026/10/03 16:54:04.831, 0, 21006 MiB, 24 %, 141.71 W, 55, 1695 MHz, 9501 MHz
2026/10/03 16:54:04.832, 1, 21006 MiB, 100 %, 193.68 W, 54, 1965 MHz, 9501 MHz
2026/10/03 16:54:05.832, 0, 21006 MiB, 24 %, 141.34 W, 54, 1695 MHz, 9501 MHz
2026/10/03 16:54:05.832, 1, 21006 MiB, 100 %, 193.78 W, 54, 1965 MHz, 9501 MHz
2026/10/03 16:54:06.832, 0, 21006 MiB, 25 %, 141.29 W, 54, 1695 MHz, 9501 MHz
2026/10/03 16:54:06.832, 1, 21006 MiB, 100 %, 193.85 W, 54, 1965 MHz, 9501 MHz
2026/10/03 16:54:07.833, 0, 21006 MiB, 25 %, 141.60 W, 54, 1695 MHz, 9501 MHz
2026/10/03 16:54:07.833, 1, 21006 MiB, 100 %, 194.27 W, 54, 1965 MHz, 9501 MHz
2026/10/03 16:54:08.833, 0, 21006 MiB, 25 %, 141.48 W, 54, 1695 MHz, 9501 MHz
2026/10/03 16:54:08.833, 1, 21006 MiB, 100 %, 194.32 W, 54, 1965 MHz, 9501 MHz
2026/10/03 16:54:09.833, 0, 21006 MiB, 25 %, 141.55 W, 54, 1695 MHz, 9501 MHz
2026/10/03 16:54:09.833, 1, 21006 MiB, 100 %, 194.19 W, 54, 1965 MHz, 9501 MHz
2026/10/03 16:54:10.834, 0, 21006 MiB, 25 %, 141.55 W, 54, 1695 MHz, 9501 MHz
2026/10/03 16:54:10.834, 1, 21006 MiB, 100 %, 194.15 W, 54, 1965 MHz, 9501 MHz
2026/10/03 16:54:11.834, 0, 21006 MiB, 22 %, 141.46 W, 54, 1695 MHz, 9501 MHz
2026/10/03 16:54:11.834, 1, 21006 MiB, 100 %, 194.46 W, 54, 1965 MHz, 9501 MHz
2026/10/03 16:54:12.834, 0, 21006 MiB, 25 %, 141.67 W, 54, 1695 MHz, 9501 MHz
2026/10/03 16:54:12.834, 1, 21006 MiB, 100 %, 194.59 W, 54, 1965 MHz, 9501 MHz
2026/10/03 16:54:13.835, 0, 21006 MiB, 23 %, 141.57 W, 53, 1695 MHz, 9501 MHz
2026/10/03 16:54:13.835, 1, 21006 MiB, 100 %, 194.77 W, 54, 1965 MHz, 9501 MHz
2026/10/03 16:54:14.835, 0, 21006 MiB, 24 %, 141.45 W, 53, 1695 MHz, 9501 MHz
2026/10/03 16:54:14.835, 1, 21006 MiB, 100 %, 194.63 W, 54, 1965 MHz, 9501 MHz
2026/10/03 16:54:15.835, 0, 21006 MiB, 25 %, 141.52 W, 53, 1695 MHz, 9501 MHz
2026/10/03 16:54:15.836, 1, 21006 MiB, 100 %, 194.55 W, 54, 1965 MHz, 9501 MHz
2026/10/03 16:54:16.836, 0, 21006 MiB, 100 %, 222.66 W, 57, 1980 MHz, 9501 MHz
2026/10/03 16:54:16.836, 1, 21006 MiB, 100 %, 239.50 W, 55, 1965 MHz, 9501 MHz
2026/10/03 16:54:17.836, 0, 21006 MiB, 100 %, 249.28 W, 58, 1980 MHz, 9501 MHz
2026/10/03 16:54:17.836, 1, 21006 MiB, 100 %, 248.27 W, 55, 1965 MHz, 9501 MHz
2026/10/03 16:54:18.836, 0, 21006 MiB, 25 %, 214.36 W, 56, 1980 MHz, 9501 MHz
2026/10/03 16:54:18.837, 1, 21006 MiB, 100 %, 221.35 W, 54, 1965 MHz, 9501 MHz
2026/10/03 16:54:19.837, 0, 21006 MiB, 100 %, 190.79 W, 57, 1980 MHz, 9501 MHz
2026/10/03 16:54:19.837, 1, 21006 MiB, 25 %, 201.30 W, 54, 1965 MHz, 9501 MHz
2026/10/03 16:54:20.837, 0, 21006 MiB, 100 %, 202.35 W, 57, 1980 MHz, 9501 MHz
2026/10/03 16:54:20.837, 1, 21006 MiB, 26 %, 189.02 W, 54, 1965 MHz, 9501 MHz
2026/10/03 16:54:21.837, 0, 21006 MiB, 100 %, 201.80 W, 57, 1980 MHz, 9501 MHz
2026/10/03 16:54:21.837, 1, 21006 MiB, 26 %, 177.89 W, 53, 1695 MHz, 9501 MHz
2026/10/03 16:54:22.837, 0, 21006 MiB, 100 %, 202.64 W, 57, 1980 MHz, 9501 MHz
2026/10/03 16:54:22.838, 1, 21006 MiB, 26 %, 149.76 W, 53, 1695 MHz, 9501 MHz
2026/10/03 16:54:23.838, 0, 21006 MiB, 100 %, 202.54 W, 57, 1980 MHz, 9501 MHz
2026/10/03 16:54:23.838, 1, 21006 MiB, 27 %, 149.49 W, 52, 1695 MHz, 9501 MHz
2026/10/03 16:54:24.838, 0, 21006 MiB, 100 %, 203.46 W, 57, 1980 MHz, 9501 MHz
2026/10/03 16:54:24.839, 1, 21006 MiB, 27 %, 150.13 W, 52, 1695 MHz, 9501 MHz
2026/10/03 16:54:25.839, 0, 21006 MiB, 100 %, 202.96 W, 57, 1980 MHz, 9501 MHz
2026/10/03 16:54:25.839, 1, 21006 MiB, 28 %, 149.60 W, 52, 1695 MHz, 9501 MHz
2026/10/03 16:54:26.839, 0, 21006 MiB, 100 %, 202.70 W, 57, 1980 MHz, 9501 MHz
2026/10/03 16:54:26.840, 1, 21006 MiB, 26 %, 149.08 W, 52, 1695 MHz, 9501 MHz
2026/10/03 16:54:27.840, 0, 21006 MiB, 100 %, 201.54 W, 57, 1980 MHz, 9501 MHz
2026/10/03 16:54:27.840, 1, 21006 MiB, 25 %, 148.15 W, 52, 1695 MHz, 9501 MHz
2026/10/03 16:54:28.840, 0, 21006 MiB, 100 %, 201.44 W, 57, 1980 MHz, 9501 MHz
2026/10/03 16:54:28.840, 1, 21006 MiB, 26 %, 148.10 W, 52, 1695 MHz, 9501 MHz
2026/10/03 16:54:29.840, 0, 21006 MiB, 100 %, 202.28 W, 58, 1980 MHz, 9501 MHz
2026/10/03 16:54:29.841, 1, 21006 MiB, 27 %, 148.70 W, 52, 1695 MHz, 9501 MHz
2026/10/03 16:54:30.841, 0, 21006 MiB, 100 %, 203.84 W, 58, 1980 MHz, 9501 MHz
2026/10/03 16:54:30.841, 1, 21006 MiB, 26 %, 149.79 W, 52, 1695 MHz, 9501 MHz
2026/10/03 16:54:31.841, 0, 21006 MiB, 100 %, 202.31 W, 58, 1980 MHz, 9501 MHz
2026/10/03 16:54:31.841, 1, 21006 MiB, 26 %, 148.64 W, 51, 1695 MHz, 9501 MHz
2026/10/03 16:54:32.841, 0, 21006 MiB, 100 %, 213.28 W, 60, 1980 MHz, 9501 MHz
2026/10/03 16:54:32.842, 1, 21006 MiB, 100 %, 161.02 W, 53, 1965 MHz, 9501 MHz
2026/10/03 16:54:33.842, 0, 21006 MiB, 100 %, 252.42 W, 60, 1980 MHz, 9501 MHz
2026/10/03 16:54:33.842, 1, 21006 MiB, 100 %, 247.68 W, 54, 1965 MHz, 9501 MHz
2026/10/03 16:54:34.842, 0, 21006 MiB, 100 %, 251.97 W, 60, 1965 MHz, 9501 MHz
2026/10/03 16:54:34.842, 1, 21006 MiB, 100 %, 248.38 W, 54, 1965 MHz, 9501 MHz
2026/10/03 16:54:35.842, 0, 21006 MiB, 100 %, 207.31 W, 59, 1965 MHz, 9501 MHz
2026/10/03 16:54:35.843, 1, 21006 MiB, 24 %, 196.39 W, 53, 1965 MHz, 9501 MHz
2026/10/03 16:54:36.843, 0, 21006 MiB, 100 %, 198.52 W, 58, 1965 MHz, 9501 MHz
2026/10/03 16:54:36.843, 1, 21006 MiB, 24 %, 183.23 W, 53, 1965 MHz, 9501 MHz
2026/10/03 16:54:37.843, 0, 21006 MiB, 100 %, 197.77 W, 58, 1965 MHz, 9501 MHz
2026/10/03 16:54:37.843, 1, 21006 MiB, 26 %, 152.69 W, 52, 1695 MHz, 9501 MHz
2026/10/03 16:54:38.843, 0, 21006 MiB, 100 %, 198.15 W, 58, 1965 MHz, 9501 MHz
2026/10/03 16:54:38.844, 1, 21006 MiB, 25 %, 145.68 W, 51, 1695 MHz, 9501 MHz
2026/10/03 16:54:39.844, 0, 21006 MiB, 100 %, 198.15 W, 58, 1965 MHz, 9501 MHz
2026/10/03 16:54:39.844, 1, 21006 MiB, 25 %, 145.65 W, 51, 1695 MHz, 9501 MHz
2026/10/03 16:54:40.844, 0, 21006 MiB, 100 %, 198.62 W, 58, 1965 MHz, 9501 MHz
2026/10/03 16:54:40.845, 1, 21006 MiB, 25 %, 145.66 W, 51, 1695 MHz, 9501 MHz
2026/10/03 16:54:41.845, 0, 21006 MiB, 100 %, 198.43 W, 58, 1965 MHz, 9501 MHz
2026/10/03 16:54:41.845, 1, 21006 MiB, 24 %, 145.37 W, 51, 1695 MHz, 9501 MHz
2026/10/03 16:54:42.845, 0, 21006 MiB, 100 %, 198.18 W, 58, 1965 MHz, 9501 MHz
2026/10/03 16:54:42.845, 1, 21006 MiB, 25 %, 145.17 W, 51, 1695 MHz, 9501 MHz
2026/10/03 16:54:43.846, 0, 21006 MiB, 100 %, 198.40 W, 58, 1965 MHz, 9501 MHz
2026/10/03 16:54:43.846, 1, 21006 MiB, 25 %, 145.42 W, 51, 1695 MHz, 9501 MHz
2026/10/03 16:54:44.846, 0, 21006 MiB, 100 %, 198.07 W, 58, 1965 MHz, 9501 MHz
2026/10/03 16:54:44.846, 1, 21006 MiB, 25 %, 144.83 W, 51, 1695 MHz, 9501 MHz
2026/10/03 16:54:45.847, 0, 21006 MiB, 100 %, 198.24 W, 59, 1965 MHz, 9501 MHz
2026/10/03 16:54:45.847, 1, 21006 MiB, 23 %, 144.60 W, 51, 1695 MHz, 9501 MHz
2026/10/03 16:54:46.847, 0, 21006 MiB, 100 %, 197.94 W, 58, 1965 MHz, 9501 MHz
2026/10/03 16:54:46.847, 1, 21006 MiB, 24 %, 144.27 W, 51, 1695 MHz, 9501 MHz
2026/10/03 16:54:47.847, 0, 21006 MiB, 100 %, 199.24 W, 59, 1965 MHz, 9501 MHz
2026/10/03 16:54:47.848, 1, 21006 MiB, 25 %, 145.18 W, 51, 1695 MHz, 9501 MHz
2026/10/03 16:54:48.848, 0, 21006 MiB, 100 %, 198.52 W, 59, 1965 MHz, 9501 MHz
2026/10/03 16:54:48.848, 1, 21006 MiB, 23 %, 144.51 W, 50, 1695 MHz, 9501 MHz
2026/10/03 16:54:49.848, 0, 21006 MiB, 100 %, 192.43 W, 58, 1965 MHz, 9501 MHz
2026/10/03 16:54:49.848, 1, 21006 MiB, 15 %, 139.97 W, 50, 1695 MHz, 9501 MHz
2026/10/03 16:54:50.849, 0, 21006 MiB, 0 %, 156.83 W, 57, 1965 MHz, 9501 MHz
2026/10/03 16:54:50.849, 1, 21006 MiB, 0 %, 122.95 W, 50, 1695 MHz, 9501 MHz
2026/10/03 16:54:51.849, 0, 21006 MiB, 0 %, 153.97 W, 57, 1965 MHz, 9501 MHz
2026/10/03 16:54:51.849, 1, 21006 MiB, 0 %, 121.77 W, 50, 1695 MHz, 9501 MHz
2026/10/03 16:54:52.849, 0, 21006 MiB, 0 %, 147.65 W, 56, 1695 MHz, 9501 MHz
2026/10/03 16:54:52.850, 1, 21006 MiB, 0 %, 119.89 W, 50, 1695 MHz, 9501 MHz
2026/10/03 16:54:53.850, 0, 21006 MiB, 0 %, 134.70 W, 55, 1695 MHz, 9501 MHz
2026/10/03 16:54:53.850, 1, 21006 MiB, 0 %, 119.81 W, 50, 1695 MHz, 9501 MHz
2026/10/03 16:54:54.851, 0, 21006 MiB, 0 %, 122.10 W, 55, 1695 MHz, 9501 MHz
2026/10/03 16:54:54.851, 1, 21006 MiB, 0 %, 119.78 W, 49, 1695 MHz, 9501 MHz
2026/10/03 16:54:55.851, 0, 21006 MiB, 0 %, 121.88 W, 54, 1695 MHz, 9501 MHz
2026/10/03 16:54:55.851, 1, 21006 MiB, 0 %, 119.75 W, 49, 1695 MHz, 9501 MHz
2026/10/03 16:54:56.851, 0, 21006 MiB, 0 %, 121.54 W, 54, 1695 MHz, 9501 MHz
2026/10/03 16:54:56.852, 1, 21006 MiB, 0 %, 119.68 W, 49, 1695 MHz, 9501 MHz
2026/10/03 16:54:57.852, 0, 21006 MiB, 0 %, 121.47 W, 54, 1695 MHz, 9501 MHz
2026/10/03 16:54:57.852, 1, 21006 MiB, 0 %, 119.68 W, 49, 1695 MHz, 9501 MHz
2026/10/03 16:54:58.852, 0, 21006 MiB, 0 %, 121.33 W, 54, 1695 MHz, 9501 MHz
2026/10/03 16:54:58.853, 1, 21006 MiB, 0 %, 119.74 W, 49, 1695 MHz, 9501 MHz
2026/10/03 16:54:59.853, 0, 21006 MiB, 0 %, 121.27 W, 54, 1695 MHz, 9501 MHz
2026/10/03 16:54:59.853, 1, 21006 MiB, 0 %, 119.64 W, 49, 1695 MHz, 9501 MHz
2026/10/03 16:55:00.854, 0, 21006 MiB, 75 %, 149.26 W, 57, 1980 MHz, 9501 MHz
2026/10/03 16:55:00.855, 1, 21006 MiB, 99 %, 145.15 W, 51, 1965 MHz, 9501 MHz
2026/10/03 16:55:01.866, 0, 21006 MiB, 100 %, 183.57 W, 56, 1980 MHz, 9501 MHz
2026/10/03 16:55:01.866, 1, 21006 MiB, 14 %, 169.21 W, 50, 1965 MHz, 9501 MHz
2026/10/03 16:55:02.877, 0, 21006 MiB, 100 %, 180.18 W, 56, 1980 MHz, 9501 MHz
2026/10/03 16:55:02.878, 1, 21006 MiB, 16 %, 161.03 W, 49, 1695 MHz, 9501 MHz
2026/10/03 16:55:03.889, 0, 21006 MiB, 100 %, 180.68 W, 56, 1980 MHz, 9501 MHz
2026/10/03 16:55:03.889, 1, 21006 MiB, 16 %, 133.02 W, 49, 1695 MHz, 9501 MHz
2026/10/03 16:55:04.899, 0, 21006 MiB, 100 %, 180.81 W, 56, 1980 MHz, 9501 MHz
2026/10/03 16:55:04.900, 1, 21006 MiB, 15 %, 132.57 W, 49, 1695 MHz, 9501 MHz
2026/10/03 16:55:05.909, 0, 21006 MiB, 100 %, 180.72 W, 56, 1980 MHz, 9501 MHz
2026/10/03 16:55:05.910, 1, 21006 MiB, 16 %, 132.58 W, 49, 1695 MHz, 9501 MHz
2026/10/03 16:55:06.919, 0, 21006 MiB, 100 %, 180.82 W, 56, 1980 MHz, 9501 MHz
2026/10/03 16:55:06.919, 1, 21006 MiB, 15 %, 132.36 W, 49, 1695 MHz, 9501 MHz
2026/10/03 16:55:07.928, 0, 21006 MiB, 100 %, 180.35 W, 56, 1980 MHz, 9501 MHz
2026/10/03 16:55:07.929, 1, 21006 MiB, 15 %, 132.08 W, 49, 1695 MHz, 9501 MHz
2026/10/03 16:55:08.937, 0, 21006 MiB, 100 %, 180.52 W, 56, 1980 MHz, 9501 MHz
2026/10/03 16:55:08.937, 1, 21006 MiB, 15 %, 132.03 W, 49, 1695 MHz, 9501 MHz
2026/10/03 16:55:09.945, 0, 21006 MiB, 100 %, 180.75 W, 56, 1980 MHz, 9501 MHz
2026/10/03 16:55:09.946, 1, 21006 MiB, 15 %, 131.85 W, 49, 1695 MHz, 9501 MHz
2026/10/03 16:55:10.953, 0, 21006 MiB, 100 %, 180.91 W, 56, 1980 MHz, 9501 MHz
2026/10/03 16:55:10.953, 1, 21006 MiB, 16 %, 132.13 W, 49, 1695 MHz, 9501 MHz
2026/10/03 16:55:11.961, 0, 21006 MiB, 100 %, 181.08 W, 56, 1980 MHz, 9501 MHz
2026/10/03 16:55:11.961, 1, 21006 MiB, 15 %, 132.29 W, 49, 1695 MHz, 9501 MHz
2026/10/03 16:55:12.968, 0, 21006 MiB, 100 %, 180.82 W, 57, 1980 MHz, 9501 MHz
2026/10/03 16:55:12.968, 1, 21006 MiB, 15 %, 131.96 W, 49, 1695 MHz, 9501 MHz
2026/10/03 16:55:13.974, 0, 21006 MiB, 100 %, 180.87 W, 57, 1980 MHz, 9501 MHz
2026/10/03 16:55:13.974, 1, 21006 MiB, 15 %, 131.88 W, 49, 1695 MHz, 9501 MHz
2026/10/03 16:55:14.980, 0, 21006 MiB, 100 %, 181.01 W, 57, 1980 MHz, 9501 MHz
2026/10/03 16:55:14.980, 1, 21006 MiB, 15 %, 131.80 W, 48, 1695 MHz, 9501 MHz
2026/10/03 16:55:15.986, 0, 21006 MiB, 95 %, 180.41 W, 56, 1980 MHz, 9501 MHz
2026/10/03 16:55:15.986, 1, 21006 MiB, 13 %, 131.54 W, 48, 1695 MHz, 9501 MHz
2026/10/03 16:55:16.991, 0, 21006 MiB, 100 %, 233.70 W, 59, 1980 MHz, 9501 MHz
2026/10/03 16:55:16.992, 1, 21006 MiB, 100 %, 208.40 W, 51, 1965 MHz, 9501 MHz
2026/10/03 16:55:17.997, 0, 21006 MiB, 100 %, 245.82 W, 60, 1980 MHz, 9501 MHz
2026/10/03 16:55:17.997, 1, 21006 MiB, 100 %, 239.47 W, 52, 1965 MHz, 9501 MHz
2026/10/03 16:55:19.002, 0, 21006 MiB, 100 %, 212.55 W, 58, 1980 MHz, 9501 MHz
2026/10/03 16:55:19.002, 1, 21006 MiB, 24 %, 197.26 W, 51, 1965 MHz, 9501 MHz
2026/10/03 16:55:20.007, 0, 21006 MiB, 100 %, 200.44 W, 58, 1980 MHz, 9501 MHz
2026/10/03 16:55:20.007, 1, 21006 MiB, 22 %, 181.93 W, 51, 1965 MHz, 9501 MHz
2026/10/03 16:55:21.011, 0, 21006 MiB, 100 %, 199.65 W, 58, 1980 MHz, 9501 MHz
2026/10/03 16:55:21.012, 1, 21006 MiB, 24 %, 151.22 W, 50, 1695 MHz, 9501 MHz
2026/10/03 16:55:22.016, 0, 21006 MiB, 100 %, 199.07 W, 58, 1980 MHz, 9501 MHz
2026/10/03 16:55:22.016, 1, 21006 MiB, 23 %, 143.53 W, 49, 1695 MHz, 9501 MHz
2026/10/03 16:55:23.020, 0, 21006 MiB, 100 %, 198.68 W, 58, 1980 MHz, 9501 MHz
2026/10/03 16:55:23.020, 1, 21006 MiB, 23 %, 143.22 W, 49, 1695 MHz, 9501 MHz
2026/10/03 16:55:24.025, 0, 21006 MiB, 100 %, 198.20 W, 58, 1980 MHz, 9501 MHz
2026/10/03 16:55:24.025, 1, 21006 MiB, 23 %, 143.06 W, 49, 1695 MHz, 9501 MHz
2026/10/03 16:55:25.028, 0, 21006 MiB, 100 %, 198.36 W, 58, 1980 MHz, 9501 MHz
2026/10/03 16:55:25.031, 1, 21006 MiB, 24 %, 142.89 W, 49, 1695 MHz, 9501 MHz
2026/10/03 16:55:26.034, 0, 21006 MiB, 100 %, 198.47 W, 58, 1980 MHz, 9501 MHz
2026/10/03 16:55:26.034, 1, 21006 MiB, 23 %, 143.10 W, 49, 1695 MHz, 9501 MHz
2026/10/03 16:55:27.038, 0, 21006 MiB, 100 %, 198.69 W, 58, 1980 MHz, 9501 MHz
2026/10/03 16:55:27.038, 1, 21006 MiB, 24 %, 143.21 W, 49, 1695 MHz, 9501 MHz
2026/10/03 16:55:28.041, 0, 21006 MiB, 100 %, 198.91 W, 58, 1980 MHz, 9501 MHz
2026/10/03 16:55:28.041, 1, 21006 MiB, 23 %, 143.33 W, 49, 1695 MHz, 9501 MHz
2026/10/03 16:55:29.045, 0, 21006 MiB, 100 %, 198.39 W, 58, 1980 MHz, 9501 MHz
2026/10/03 16:55:29.045, 1, 21006 MiB, 24 %, 143.04 W, 49, 1695 MHz, 9501 MHz
2026/10/03 16:55:30.048, 0, 21006 MiB, 100 %, 199.11 W, 58, 1980 MHz, 9501 MHz
2026/10/03 16:55:30.049, 1, 21006 MiB, 24 %, 143.47 W, 49, 1695 MHz, 9501 MHz
2026/10/03 16:55:31.051, 0, 21006 MiB, 100 %, 199.05 W, 58, 1980 MHz, 9501 MHz
2026/10/03 16:55:31.051, 1, 21006 MiB, 24 %, 143.47 W, 49, 1695 MHz, 9501 MHz
2026/10/03 16:55:32.055, 0, 21006 MiB, 100 %, 199.01 W, 58, 1980 MHz, 9501 MHz
2026/10/03 16:55:32.055, 1, 21006 MiB, 23 %, 143.40 W, 49, 1695 MHz, 9501 MHz
2026/10/03 16:55:33.057, 0, 21006 MiB, 100 %, 199.11 W, 59, 1980 MHz, 9501 MHz
2026/10/03 16:55:33.057, 1, 21006 MiB, 28 %, 143.16 W, 49, 1695 MHz, 9501 MHz
2026/10/03 16:55:34.060, 0, 21006 MiB, 100 %, 243.04 W, 60, 1965 MHz, 9501 MHz
2026/10/03 16:55:34.060, 1, 21006 MiB, 100 %, 226.35 W, 52, 1965 MHz, 9501 MHz
2026/10/03 16:55:35.062, 0, 21006 MiB, 100 %, 245.50 W, 61, 1965 MHz, 9501 MHz
2026/10/03 16:55:35.062, 1, 21006 MiB, 100 %, 240.09 W, 52, 1965 MHz, 9501 MHz
2026/10/03 16:55:36.065, 0, 21006 MiB, 100 %, 205.16 W, 59, 1965 MHz, 9501 MHz
2026/10/03 16:55:36.065, 1, 21006 MiB, 23 %, 197.44 W, 51, 1965 MHz, 9501 MHz
2026/10/03 16:55:37.067, 0, 21006 MiB, 100 %, 197.97 W, 59, 1965 MHz, 9501 MHz
2026/10/03 16:55:37.067, 1, 21006 MiB, 23 %, 180.23 W, 51, 1965 MHz, 9501 MHz
2026/10/03 16:55:38.070, 0, 21006 MiB, 100 %, 197.89 W, 59, 1965 MHz, 9501 MHz
2026/10/03 16:55:38.070, 1, 21006 MiB, 24 %, 157.39 W, 50, 1695 MHz, 9501 MHz
2026/10/03 16:55:39.073, 0, 21006 MiB, 100 %, 198.12 W, 59, 1965 MHz, 9501 MHz
2026/10/03 16:55:39.073, 1, 21006 MiB, 25 %, 143.60 W, 50, 1695 MHz, 9501 MHz
2026/10/03 16:55:40.075, 0, 21006 MiB, 100 %, 198.25 W, 59, 1965 MHz, 9501 MHz
2026/10/03 16:55:40.075, 1, 21006 MiB, 23 %, 143.69 W, 50, 1695 MHz, 9501 MHz
2026/10/03 16:55:41.077, 0, 21006 MiB, 100 %, 198.31 W, 59, 1965 MHz, 9501 MHz
2026/10/03 16:55:41.077, 1, 21006 MiB, 25 %, 143.53 W, 50, 1695 MHz, 9501 MHz
2026/10/03 16:55:42.080, 0, 21006 MiB, 100 %, 198.20 W, 59, 1965 MHz, 9501 MHz
2026/10/03 16:55:42.080, 1, 21006 MiB, 24 %, 143.37 W, 50, 1695 MHz, 9501 MHz
2026/10/03 16:55:43.082, 0, 21006 MiB, 100 %, 199.15 W, 59, 1965 MHz, 9501 MHz
2026/10/03 16:55:43.082, 1, 21006 MiB, 25 %, 144.42 W, 50, 1695 MHz, 9501 MHz
2026/10/03 16:55:44.085, 0, 21006 MiB, 100 %, 199.43 W, 59, 1965 MHz, 9501 MHz
2026/10/03 16:55:44.085, 1, 21006 MiB, 25 %, 144.81 W, 50, 1695 MHz, 9501 MHz
2026/10/03 16:55:45.087, 0, 21006 MiB, 100 %, 198.40 W, 59, 1965 MHz, 9501 MHz
2026/10/03 16:55:45.087, 1, 21006 MiB, 23 %, 144.26 W, 50, 1695 MHz, 9501 MHz
2026/10/03 16:55:46.089, 0, 21006 MiB, 100 %, 197.91 W, 59, 1965 MHz, 9501 MHz
2026/10/03 16:55:46.089, 1, 21006 MiB, 23 %, 144.13 W, 50, 1695 MHz, 9501 MHz
2026/10/03 16:55:47.091, 0, 21006 MiB, 100 %, 198.21 W, 59, 1965 MHz, 9501 MHz
2026/10/03 16:55:47.091, 1, 21006 MiB, 24 %, 144.14 W, 50, 1695 MHz, 9501 MHz
2026/10/03 16:55:48.093, 0, 21006 MiB, 100 %, 198.42 W, 59, 1965 MHz, 9501 MHz
2026/10/03 16:55:48.093, 1, 21006 MiB, 25 %, 143.68 W, 49, 1695 MHz, 9501 MHz
2026/10/03 16:55:49.094, 0, 21006 MiB, 100 %, 198.82 W, 59, 1965 MHz, 9501 MHz
2026/10/03 16:55:49.095, 1, 21006 MiB, 25 %, 143.98 W, 49, 1695 MHz, 9501 MHz
2026/10/03 16:55:50.096, 0, 21006 MiB, 100 %, 201.85 W, 60, 1965 MHz, 9501 MHz
2026/10/03 16:55:50.097, 1, 21006 MiB, 74 %, 146.11 W, 50, 1695 MHz, 9501 MHz
2026/10/03 16:55:51.099, 0, 21006 MiB, 100 %, 247.04 W, 61, 1965 MHz, 9501 MHz
2026/10/03 16:55:51.099, 1, 21006 MiB, 100 %, 229.62 W, 52, 1965 MHz, 9501 MHz
2026/10/03 16:55:52.101, 0, 21006 MiB, 100 %, 246.51 W, 62, 1965 MHz, 9501 MHz
2026/10/03 16:55:52.101, 1, 21006 MiB, 100 %, 240.59 W, 53, 1965 MHz, 9501 MHz
2026/10/03 16:55:53.102, 0, 21006 MiB, 100 %, 206.59 W, 60, 1965 MHz, 9501 MHz
2026/10/03 16:55:53.103, 1, 21006 MiB, 24 %, 197.38 W, 51, 1965 MHz, 9501 MHz
2026/10/03 16:55:54.104, 0, 21006 MiB, 100 %, 202.81 W, 60, 1965 MHz, 9501 MHz
2026/10/03 16:55:54.104, 1, 21006 MiB, 24 %, 183.51 W, 51, 1965 MHz, 9501 MHz
2026/10/03 16:55:55.106, 0, 21006 MiB, 100 %, 203.41 W, 60, 1965 MHz, 9501 MHz
2026/10/03 16:55:55.106, 1, 21006 MiB, 25 %, 160.93 W, 50, 1695 MHz, 9501 MHz
2026/10/03 16:55:56.107, 0, 21006 MiB, 100 %, 203.39 W, 60, 1965 MHz, 9501 MHz
2026/10/03 16:55:56.107, 1, 21006 MiB, 26 %, 146.22 W, 50, 1695 MHz, 9501 MHz
2026/10/03 16:55:57.109, 0, 21006 MiB, 100 %, 203.19 W, 60, 1965 MHz, 9501 MHz
2026/10/03 16:55:57.109, 1, 21006 MiB, 25 %, 146.65 W, 50, 1695 MHz, 9501 MHz
2026/10/03 16:55:58.110, 0, 21006 MiB, 100 %, 203.34 W, 60, 1965 MHz, 9501 MHz
2026/10/03 16:55:58.110, 1, 21006 MiB, 25 %, 146.39 W, 50, 1695 MHz, 9501 MHz
2026/10/03 16:55:59.112, 0, 21006 MiB, 100 %, 203.11 W, 60, 1965 MHz, 9501 MHz
2026/10/03 16:55:59.112, 1, 21006 MiB, 24 %, 146.28 W, 50, 1695 MHz, 9501 MHz
2026/10/03 16:56:00.113, 0, 21006 MiB, 100 %, 202.82 W, 60, 1965 MHz, 9501 MHz
2026/10/03 16:56:00.114, 1, 21006 MiB, 24 %, 145.97 W, 50, 1695 MHz, 9501 MHz
2026/10/03 16:56:01.115, 0, 21006 MiB, 100 %, 203.11 W, 60, 1965 MHz, 9501 MHz
2026/10/03 16:56:01.115, 1, 21006 MiB, 26 %, 146.07 W, 50, 1695 MHz, 9501 MHz
2026/10/03 16:56:02.116, 0, 21006 MiB, 100 %, 203.01 W, 60, 1965 MHz, 9501 MHz
2026/10/03 16:56:02.116, 1, 21006 MiB, 25 %, 145.90 W, 50, 1695 MHz, 9501 MHz
2026/10/03 16:56:03.118, 0, 21006 MiB, 100 %, 202.06 W, 60, 1965 MHz, 9501 MHz
2026/10/03 16:56:03.118, 1, 21006 MiB, 26 %, 145.09 W, 50, 1695 MHz, 9501 MHz
2026/10/03 16:56:04.119, 0, 21006 MiB, 100 %, 203.79 W, 60, 1965 MHz, 9501 MHz
2026/10/03 16:56:04.119, 1, 21006 MiB, 26 %, 146.53 W, 50, 1695 MHz, 9501 MHz
2026/10/03 16:56:05.121, 0, 21006 MiB, 100 %, 203.90 W, 60, 1965 MHz, 9501 MHz
2026/10/03 16:56:05.121, 1, 21006 MiB, 26 %, 146.72 W, 50, 1695 MHz, 9501 MHz
2026/10/03 16:56:06.122, 0, 21006 MiB, 100 %, 203.96 W, 60, 1965 MHz, 9501 MHz
2026/10/03 16:56:06.123, 1, 21006 MiB, 25 %, 146.52 W, 50, 1695 MHz, 9501 MHz
2026/10/03 16:56:07.128, 0, 21006 MiB, 100 %, 213.35 W, 62, 1965 MHz, 9501 MHz
2026/10/03 16:56:07.128, 1, 21006 MiB, 100 %, 158.03 W, 52, 1965 MHz, 9501 MHz
2026/10/03 16:56:08.133, 0, 21006 MiB, 100 %, 249.14 W, 62, 1965 MHz, 9501 MHz
2026/10/03 16:56:08.133, 1, 21006 MiB, 100 %, 241.67 W, 53, 1965 MHz, 9501 MHz
2026/10/03 16:56:09.137, 0, 21006 MiB, 100 %, 246.49 W, 63, 1965 MHz, 9501 MHz
2026/10/03 16:56:09.138, 1, 21006 MiB, 100 %, 239.27 W, 53, 1965 MHz, 9501 MHz
2026/10/03 16:56:10.142, 0, 21006 MiB, 26 %, 197.37 W, 60, 1965 MHz, 9501 MHz
2026/10/03 16:56:10.142, 1, 21006 MiB, 100 %, 203.58 W, 52, 1965 MHz, 9501 MHz
2026/10/03 16:56:11.146, 0, 21006 MiB, 27 %, 182.56 W, 58, 1695 MHz, 9501 MHz
2026/10/03 16:56:11.146, 1, 21006 MiB, 100 %, 197.54 W, 52, 1965 MHz, 9501 MHz
2026/10/03 16:56:12.151, 0, 21006 MiB, 27 %, 146.95 W, 58, 1695 MHz, 9501 MHz
2026/10/03 16:56:12.151, 1, 21006 MiB, 100 %, 197.82 W, 52, 1965 MHz, 9501 MHz
2026/10/03 16:56:13.155, 0, 21006 MiB, 26 %, 146.20 W, 57, 1695 MHz, 9501 MHz
2026/10/03 16:56:13.155, 1, 21006 MiB, 100 %, 197.45 W, 52, 1965 MHz, 9501 MHz
2026/10/03 16:56:14.159, 0, 21006 MiB, 100 %, 156.25 W, 59, 1965 MHz, 9501 MHz
2026/10/03 16:56:14.159, 1, 21006 MiB, 24 %, 193.66 W, 52, 1965 MHz, 9501 MHz
2026/10/03 16:56:15.162, 0, 21006 MiB, 100 %, 202.33 W, 59, 1965 MHz, 9501 MHz
2026/10/03 16:56:15.162, 1, 21006 MiB, 24 %, 184.67 W, 52, 1965 MHz, 9501 MHz
2026/10/03 16:56:16.166, 0, 21006 MiB, 100 %, 202.49 W, 60, 1965 MHz, 9501 MHz
2026/10/03 16:56:16.166, 1, 21006 MiB, 26 %, 167.65 W, 51, 1695 MHz, 9501 MHz
2026/10/03 16:56:17.169, 0, 21006 MiB, 100 %, 203.81 W, 60, 1965 MHz, 9501 MHz
2026/10/03 16:56:17.169, 1, 21006 MiB, 26 %, 147.56 W, 51, 1695 MHz, 9501 MHz
2026/10/03 16:56:18.172, 0, 21006 MiB, 100 %, 203.91 W, 60, 1965 MHz, 9501 MHz
2026/10/03 16:56:18.172, 1, 21006 MiB, 26 %, 147.43 W, 51, 1695 MHz, 9501 MHz
2026/10/03 16:56:19.176, 0, 21006 MiB, 100 %, 203.74 W, 60, 1965 MHz, 9501 MHz
2026/10/03 16:56:19.176, 1, 21006 MiB, 26 %, 147.43 W, 51, 1695 MHz, 9501 MHz
2026/10/03 16:56:20.179, 0, 21006 MiB, 100 %, 203.22 W, 60, 1965 MHz, 9501 MHz
2026/10/03 16:56:20.179, 1, 21006 MiB, 25 %, 146.97 W, 51, 1695 MHz, 9501 MHz
2026/10/03 16:56:21.183, 0, 21006 MiB, 100 %, 203.67 W, 60, 1965 MHz, 9501 MHz
2026/10/03 16:56:21.183, 1, 21006 MiB, 26 %, 147.28 W, 51, 1695 MHz, 9501 MHz
2026/10/03 16:56:22.185, 0, 21006 MiB, 100 %, 203.08 W, 60, 1965 MHz, 9501 MHz
2026/10/03 16:56:22.185, 1, 21006 MiB, 26 %, 146.74 W, 51, 1695 MHz, 9501 MHz
2026/10/03 16:56:23.188, 0, 21006 MiB, 100 %, 202.67 W, 60, 1965 MHz, 9501 MHz
2026/10/03 16:56:23.188, 1, 21006 MiB, 26 %, 146.29 W, 51, 1695 MHz, 9501 MHz
2026/10/03 16:56:24.190, 0, 21006 MiB, 100 %, 230.71 W, 62, 1965 MHz, 9501 MHz
2026/10/03 16:56:24.190, 1, 21006 MiB, 100 %, 194.63 W, 53, 1965 MHz, 9501 MHz
2026/10/03 16:56:25.193, 0, 21006 MiB, 100 %, 251.29 W, 62, 1965 MHz, 9501 MHz
2026/10/03 16:56:25.193, 1, 21006 MiB, 100 %, 244.95 W, 54, 1965 MHz, 9501 MHz
2026/10/03 16:56:26.195, 0, 21006 MiB, 25 %, 228.88 W, 60, 1965 MHz, 9501 MHz
2026/10/03 16:56:26.195, 1, 21006 MiB, 100 %, 227.03 W, 53, 1965 MHz, 9501 MHz
2026/10/03 16:56:27.198, 0, 21006 MiB, 25 %, 187.26 W, 60, 1965 MHz, 9501 MHz
2026/10/03 16:56:27.198, 1, 21006 MiB, 100 %, 195.59 W, 53, 1965 MHz, 9501 MHz
2026/10/03 16:56:28.201, 0, 21006 MiB, 25 %, 172.86 W, 58, 1695 MHz, 9501 MHz
2026/10/03 16:56:28.201, 1, 21006 MiB, 100 %, 196.14 W, 53, 1965 MHz, 9501 MHz
2026/10/03 16:56:29.203, 0, 21006 MiB, 26 %, 144.73 W, 57, 1695 MHz, 9501 MHz
2026/10/03 16:56:29.203, 1, 21006 MiB, 100 %, 195.17 W, 53, 1965 MHz, 9501 MHz
2026/10/03 16:56:30.206, 0, 21006 MiB, 26 %, 144.54 W, 57, 1695 MHz, 9501 MHz
2026/10/03 16:56:30.206, 1, 21006 MiB, 100 %, 195.25 W, 53, 1965 MHz, 9501 MHz
2026/10/03 16:56:31.208, 0, 21006 MiB, 27 %, 144.22 W, 57, 1695 MHz, 9501 MHz
2026/10/03 16:56:31.208, 1, 21006 MiB, 100 %, 195.41 W, 53, 1965 MHz, 9501 MHz
2026/10/03 16:56:32.210, 0, 21006 MiB, 27 %, 144.20 W, 56, 1695 MHz, 9501 MHz
2026/10/03 16:56:32.210, 1, 21006 MiB, 100 %, 195.75 W, 53, 1965 MHz, 9501 MHz
2026/10/03 16:56:33.212, 0, 21006 MiB, 25 %, 144.11 W, 56, 1695 MHz, 9501 MHz
2026/10/03 16:56:33.213, 1, 21006 MiB, 100 %, 196.17 W, 53, 1965 MHz, 9501 MHz
2026/10/03 16:56:34.215, 0, 21006 MiB, 26 %, 143.75 W, 56, 1695 MHz, 9501 MHz
2026/10/03 16:56:34.215, 1, 21006 MiB, 100 %, 195.77 W, 53, 1965 MHz, 9501 MHz
2026/10/03 16:56:35.216, 0, 21006 MiB, 26 %, 143.82 W, 56, 1695 MHz, 9501 MHz
2026/10/03 16:56:35.217, 1, 21006 MiB, 100 %, 195.68 W, 53, 1965 MHz, 9501 MHz
2026/10/03 16:56:36.219, 0, 21006 MiB, 26 %, 143.74 W, 56, 1695 MHz, 9501 MHz
2026/10/03 16:56:36.219, 1, 21006 MiB, 100 %, 195.62 W, 53, 1965 MHz, 9501 MHz
2026/10/03 16:56:37.220, 0, 21006 MiB, 27 %, 144.27 W, 56, 1695 MHz, 9501 MHz
2026/10/03 16:56:37.220, 1, 21006 MiB, 100 %, 196.71 W, 54, 1965 MHz, 9501 MHz
2026/10/03 16:56:38.222, 0, 21006 MiB, 28 %, 143.97 W, 56, 1695 MHz, 9501 MHz
2026/10/03 16:56:38.222, 1, 21006 MiB, 100 %, 196.57 W, 54, 1965 MHz, 9501 MHz
2026/10/03 16:56:39.224, 0, 21006 MiB, 26 %, 143.44 W, 55, 1695 MHz, 9501 MHz
2026/10/03 16:56:39.224, 1, 21006 MiB, 100 %, 196.05 W, 54, 1965 MHz, 9501 MHz
2026/10/03 16:56:40.225, 0, 21006 MiB, 100 %, 146.70 W, 57, 1965 MHz, 9501 MHz
2026/10/03 16:56:40.226, 1, 21006 MiB, 100 %, 200.76 W, 55, 1965 MHz, 9501 MHz
2026/10/03 16:56:41.227, 0, 21006 MiB, 100 %, 240.93 W, 60, 1965 MHz, 9501 MHz
2026/10/03 16:56:41.227, 1, 21006 MiB, 100 %, 247.07 W, 55, 1965 MHz, 9501 MHz
2026/10/03 16:56:42.229, 0, 21006 MiB, 100 %, 247.43 W, 60, 1965 MHz, 9501 MHz
2026/10/03 16:56:42.229, 1, 21006 MiB, 100 %, 244.65 W, 55, 1965 MHz, 9501 MHz
2026/10/03 16:56:43.230, 0, 21006 MiB, 21 %, 199.61 W, 58, 1965 MHz, 9501 MHz
2026/10/03 16:56:43.230, 1, 21006 MiB, 100 %, 203.91 W, 54, 1965 MHz, 9501 MHz
2026/10/03 16:56:44.232, 0, 21006 MiB, 23 %, 181.27 W, 58, 1695 MHz, 9501 MHz
2026/10/03 16:56:44.232, 1, 21006 MiB, 100 %, 194.10 W, 54, 1965 MHz, 9501 MHz
2026/10/03 16:56:45.233, 0, 21006 MiB, 24 %, 145.20 W, 56, 1695 MHz, 9501 MHz
2026/10/03 16:56:45.234, 1, 21006 MiB, 100 %, 192.96 W, 54, 1965 MHz, 9501 MHz
2026/10/03 16:56:46.235, 0, 21006 MiB, 24 %, 140.44 W, 55, 1695 MHz, 9501 MHz
2026/10/03 16:56:46.235, 1, 21006 MiB, 100 %, 192.39 W, 54, 1965 MHz, 9501 MHz
2026/10/03 16:56:47.237, 0, 21006 MiB, 24 %, 140.51 W, 55, 1695 MHz, 9501 MHz
2026/10/03 16:56:47.237, 1, 21006 MiB, 100 %, 192.60 W, 54, 1965 MHz, 9501 MHz
2026/10/03 16:56:48.238, 0, 21006 MiB, 24 %, 141.20 W, 55, 1695 MHz, 9501 MHz
2026/10/03 16:56:48.238, 1, 21006 MiB, 100 %, 192.73 W, 54, 1965 MHz, 9501 MHz
2026/10/03 16:56:49.240, 0, 21006 MiB, 23 %, 141.07 W, 55, 1695 MHz, 9501 MHz
2026/10/03 16:56:49.240, 1, 21006 MiB, 100 %, 193.12 W, 54, 1965 MHz, 9501 MHz
2026/10/03 16:56:50.242, 0, 21006 MiB, 24 %, 141.29 W, 55, 1695 MHz, 9501 MHz
2026/10/03 16:56:50.242, 1, 21006 MiB, 100 %, 193.39 W, 54, 1965 MHz, 9501 MHz
2026/10/03 16:56:51.243, 0, 21006 MiB, 24 %, 141.94 W, 55, 1695 MHz, 9501 MHz
2026/10/03 16:56:51.243, 1, 21006 MiB, 100 %, 193.97 W, 54, 1965 MHz, 9501 MHz
2026/10/03 16:56:52.245, 0, 21006 MiB, 25 %, 141.79 W, 55, 1695 MHz, 9501 MHz
2026/10/03 16:56:52.245, 1, 21006 MiB, 100 %, 193.94 W, 54, 1965 MHz, 9501 MHz
2026/10/03 16:56:53.246, 0, 21006 MiB, 26 %, 142.05 W, 54, 1695 MHz, 9501 MHz
2026/10/03 16:56:53.247, 1, 21006 MiB, 100 %, 194.28 W, 54, 1965 MHz, 9501 MHz
2026/10/03 16:56:54.248, 0, 21006 MiB, 25 %, 141.85 W, 54, 1695 MHz, 9501 MHz
2026/10/03 16:56:54.248, 1, 21006 MiB, 100 %, 193.93 W, 54, 1965 MHz, 9501 MHz
2026/10/03 16:56:55.250, 0, 21006 MiB, 24 %, 141.35 W, 54, 1695 MHz, 9501 MHz
2026/10/03 16:56:55.250, 1, 21006 MiB, 100 %, 193.59 W, 54, 1965 MHz, 9501 MHz
2026/10/03 16:56:56.251, 0, 21006 MiB, 25 %, 141.08 W, 54, 1695 MHz, 9501 MHz
2026/10/03 16:56:56.251, 1, 21006 MiB, 100 %, 193.49 W, 54, 1965 MHz, 9501 MHz
2026/10/03 16:56:57.253, 0, 21006 MiB, 100 %, 162.96 W, 58, 1980 MHz, 9501 MHz
2026/10/03 16:56:57.253, 1, 21006 MiB, 100 %, 212.44 W, 55, 1965 MHz, 9501 MHz
2026/10/03 16:56:58.254, 0, 21006 MiB, 100 %, 250.20 W, 59, 1980 MHz, 9501 MHz
2026/10/03 16:56:58.254, 1, 21006 MiB, 100 %, 248.90 W, 56, 1965 MHz, 9501 MHz
2026/10/03 16:56:59.256, 0, 21006 MiB, 100 %, 252.04 W, 59, 1980 MHz, 9501 MHz
2026/10/03 16:56:59.256, 1, 21006 MiB, 100 %, 246.61 W, 56, 1965 MHz, 9501 MHz
2026/10/03 16:57:00.257, 0, 21006 MiB, 25 %, 192.42 W, 57, 1980 MHz, 9501 MHz
2026/10/03 16:57:00.258, 1, 21006 MiB, 100 %, 199.68 W, 55, 1965 MHz, 9501 MHz
2026/10/03 16:57:01.259, 0, 21006 MiB, 26 %, 179.97 W, 56, 1695 MHz, 9501 MHz
2026/10/03 16:57:01.259, 1, 21006 MiB, 100 %, 199.43 W, 55, 1965 MHz, 9501 MHz
2026/10/03 16:57:02.260, 0, 21006 MiB, 27 %, 145.66 W, 55, 1695 MHz, 9501 MHz
2026/10/03 16:57:02.261, 1, 21006 MiB, 100 %, 199.63 W, 55, 1965 MHz, 9501 MHz
2026/10/03 16:57:03.261, 0, 21006 MiB, 28 %, 146.13 W, 55, 1695 MHz, 9501 MHz
2026/10/03 16:57:03.262, 1, 21006 MiB, 100 %, 200.49 W, 55, 1965 MHz, 9501 MHz
2026/10/03 16:57:04.263, 0, 21006 MiB, 27 %, 146.07 W, 55, 1695 MHz, 9501 MHz
2026/10/03 16:57:04.263, 1, 21006 MiB, 100 %, 200.72 W, 55, 1965 MHz, 9501 MHz
2026/10/03 16:57:05.264, 0, 21006 MiB, 26 %, 145.83 W, 54, 1695 MHz, 9501 MHz
2026/10/03 16:57:05.265, 1, 21006 MiB, 100 %, 200.40 W, 55, 1965 MHz, 9501 MHz
2026/10/03 16:57:06.266, 0, 21006 MiB, 26 %, 145.86 W, 54, 1695 MHz, 9501 MHz
2026/10/03 16:57:06.266, 1, 21006 MiB, 100 %, 200.64 W, 55, 1965 MHz, 9501 MHz
2026/10/03 16:57:07.267, 0, 21006 MiB, 28 %, 145.59 W, 54, 1695 MHz, 9501 MHz
2026/10/03 16:57:07.268, 1, 21006 MiB, 100 %, 200.18 W, 55, 1965 MHz, 9501 MHz
2026/10/03 16:57:08.269, 0, 21006 MiB, 27 %, 145.78 W, 54, 1695 MHz, 9501 MHz
2026/10/03 16:57:08.269, 1, 21006 MiB, 100 %, 200.60 W, 55, 1965 MHz, 9501 MHz
2026/10/03 16:57:09.270, 0, 21006 MiB, 27 %, 145.76 W, 54, 1695 MHz, 9501 MHz
2026/10/03 16:57:09.270, 1, 21006 MiB, 100 %, 200.33 W, 55, 1965 MHz, 9501 MHz
2026/10/03 16:57:10.270, 0, 21006 MiB, 26 %, 146.17 W, 54, 1695 MHz, 9501 MHz
2026/10/03 16:57:10.271, 1, 21006 MiB, 100 %, 201.37 W, 55, 1965 MHz, 9501 MHz
2026/10/03 16:57:11.271, 0, 21006 MiB, 27 %, 145.71 W, 54, 1695 MHz, 9501 MHz
2026/10/03 16:57:11.271, 1, 21006 MiB, 100 %, 201.09 W, 55, 1965 MHz, 9501 MHz
2026/10/03 16:57:12.271, 0, 21006 MiB, 26 %, 145.42 W, 54, 1695 MHz, 9501 MHz
2026/10/03 16:57:12.271, 1, 21006 MiB, 100 %, 200.90 W, 55, 1965 MHz, 9501 MHz
2026/10/03 16:57:13.272, 0, 21006 MiB, 26 %, 145.04 W, 54, 1695 MHz, 9501 MHz
2026/10/03 16:57:13.272, 1, 21006 MiB, 100 %, 200.46 W, 55, 1965 MHz, 9501 MHz
2026/10/03 16:57:14.272, 0, 21006 MiB, 100 %, 207.58 W, 58, 1980 MHz, 9501 MHz
2026/10/03 16:57:14.272, 1, 21006 MiB, 100 %, 240.91 W, 56, 1950 MHz, 9501 MHz
2026/10/03 16:57:15.272, 0, 21006 MiB, 100 %, 251.28 W, 58, 1980 MHz, 9501 MHz
2026/10/03 16:57:15.273, 1, 21006 MiB, 100 %, 249.68 W, 56, 1950 MHz, 9501 MHz
2026/10/03 16:57:16.273, 0, 21006 MiB, 24 %, 221.38 W, 57, 1980 MHz, 9501 MHz
2026/10/03 16:57:16.273, 1, 21006 MiB, 100 %, 221.33 W, 55, 1950 MHz, 9501 MHz
2026/10/03 16:57:17.273, 0, 21006 MiB, 22 %, 183.13 W, 56, 1980 MHz, 9501 MHz
2026/10/03 16:57:17.273, 1, 21006 MiB, 100 %, 195.97 W, 55, 1950 MHz, 9501 MHz
2026/10/03 16:57:18.274, 0, 21006 MiB, 24 %, 160.14 W, 54, 1695 MHz, 9501 MHz
2026/10/03 16:57:18.274, 1, 21006 MiB, 100 %, 194.26 W, 55, 1950 MHz, 9501 MHz
2026/10/03 16:57:19.274, 0, 21006 MiB, 24 %, 142.12 W, 54, 1695 MHz, 9501 MHz
2026/10/03 16:57:19.274, 1, 21006 MiB, 100 %, 195.09 W, 55, 1950 MHz, 9501 MHz
2026/10/03 16:57:20.274, 0, 21006 MiB, 24 %, 141.72 W, 54, 1695 MHz, 9501 MHz
2026/10/03 16:57:20.275, 1, 21006 MiB, 100 %, 194.96 W, 55, 1950 MHz, 9501 MHz
2026/10/03 16:57:21.275, 0, 21006 MiB, 25 %, 142.94 W, 54, 1695 MHz, 9501 MHz
2026/10/03 16:57:21.275, 1, 21006 MiB, 100 %, 196.18 W, 55, 1950 MHz, 9501 MHz
2026/10/03 16:57:22.275, 0, 21006 MiB, 26 %, 142.10 W, 54, 1695 MHz, 9501 MHz
2026/10/03 16:57:22.275, 1, 21006 MiB, 100 %, 195.46 W, 55, 1950 MHz, 9501 MHz
2026/10/03 16:57:23.276, 0, 21006 MiB, 26 %, 142.80 W, 54, 1695 MHz, 9501 MHz
2026/10/03 16:57:23.276, 1, 21006 MiB, 100 %, 196.41 W, 55, 1950 MHz, 9501 MHz
2026/10/03 16:57:24.276, 0, 21006 MiB, 26 %, 142.77 W, 54, 1695 MHz, 9501 MHz
2026/10/03 16:57:24.276, 1, 21006 MiB, 100 %, 196.60 W, 55, 1950 MHz, 9501 MHz
2026/10/03 16:57:25.276, 0, 21006 MiB, 26 %, 142.51 W, 54, 1695 MHz, 9501 MHz
2026/10/03 16:57:25.276, 1, 21006 MiB, 100 %, 196.06 W, 55, 1950 MHz, 9501 MHz
2026/10/03 16:57:26.277, 0, 21006 MiB, 24 %, 142.15 W, 53, 1695 MHz, 9501 MHz
2026/10/03 16:57:26.277, 1, 21006 MiB, 100 %, 195.36 W, 55, 1950 MHz, 9501 MHz
2026/10/03 16:57:27.277, 0, 21006 MiB, 26 %, 142.47 W, 53, 1695 MHz, 9501 MHz
2026/10/03 16:57:27.277, 1, 21006 MiB, 100 %, 196.04 W, 55, 1950 MHz, 9501 MHz
2026/10/03 16:57:28.277, 0, 21006 MiB, 25 %, 142.46 W, 53, 1695 MHz, 9501 MHz
2026/10/03 16:57:28.277, 1, 21006 MiB, 100 %, 196.17 W, 55, 1950 MHz, 9501 MHz
2026/10/03 16:57:29.278, 0, 21006 MiB, 25 %, 142.16 W, 53, 1695 MHz, 9501 MHz
2026/10/03 16:57:29.278, 1, 21006 MiB, 100 %, 195.88 W, 55, 1950 MHz, 9501 MHz
2026/10/03 16:57:30.278, 0, 21006 MiB, 21 %, 140.36 W, 53, 1695 MHz, 9501 MHz
2026/10/03 16:57:30.278, 1, 21006 MiB, 100 %, 193.56 W, 55, 1950 MHz, 9501 MHz
2026/10/03 16:57:31.278, 0, 21006 MiB, 0 %, 126.93 W, 52, 1695 MHz, 9501 MHz
2026/10/03 16:57:31.279, 1, 21006 MiB, 0 %, 165.87 W, 54, 1950 MHz, 9501 MHz
2026/10/03 16:57:32.279, 0, 21006 MiB, 0 %, 121.72 W, 52, 1695 MHz, 9501 MHz
2026/10/03 16:57:32.279, 1, 21006 MiB, 0 %, 152.69 W, 54, 1950 MHz, 9501 MHz
2026/10/03 16:57:33.279, 0, 21006 MiB, 0 %, 120.49 W, 52, 1695 MHz, 9501 MHz
2026/10/03 16:57:33.279, 1, 21006 MiB, 0 %, 144.79 W, 53, 1695 MHz, 9501 MHz
2026/10/03 16:57:34.279, 0, 21006 MiB, 0 %, 120.39 W, 52, 1695 MHz, 9501 MHz
2026/10/03 16:57:34.280, 1, 21006 MiB, 0 %, 133.81 W, 53, 1695 MHz, 9501 MHz
2026/10/03 16:57:35.280, 0, 21006 MiB, 0 %, 120.22 W, 52, 1695 MHz, 9501 MHz
2026/10/03 16:57:35.280, 1, 21006 MiB, 0 %, 123.21 W, 52, 1695 MHz, 9501 MHz
2026/10/03 16:57:36.280, 0, 21006 MiB, 0 %, 120.16 W, 52, 1695 MHz, 9501 MHz
2026/10/03 16:57:36.280, 1, 21006 MiB, 0 %, 122.99 W, 52, 1695 MHz, 9501 MHz
2026/10/03 16:57:37.281, 0, 21006 MiB, 0 %, 120.12 W, 52, 1695 MHz, 9501 MHz
2026/10/03 16:57:37.281, 1, 21006 MiB, 0 %, 122.86 W, 52, 1695 MHz, 9501 MHz
2026/10/03 16:57:38.281, 0, 21006 MiB, 0 %, 119.92 W, 52, 1695 MHz, 9501 MHz
2026/10/03 16:57:38.281, 1, 21006 MiB, 0 %, 122.76 W, 52, 1695 MHz, 9501 MHz
2026/10/03 16:57:39.281, 0, 21006 MiB, 0 %, 119.72 W, 51, 1695 MHz, 9501 MHz
2026/10/03 16:57:39.282, 1, 21006 MiB, 0 %, 122.41 W, 52, 1695 MHz, 9501 MHz
2026/10/03 16:57:40.282, 0, 21006 MiB, 0 %, 119.59 W, 51, 1695 MHz, 9501 MHz
2026/10/03 16:57:40.282, 1, 21006 MiB, 0 %, 122.15 W, 51, 1695 MHz, 9501 MHz
2026/10/03 16:57:41.282, 0, 21006 MiB, 100 %, 130.84 W, 53, 1980 MHz, 9501 MHz
2026/10/03 16:57:41.282, 1, 21006 MiB, 100 %, 130.19 W, 52, 1695 MHz, 9501 MHz
2026/10/03 16:57:42.282, 0, 21006 MiB, 13 %, 190.18 W, 53, 1980 MHz, 9501 MHz
2026/10/03 16:57:42.283, 1, 21006 MiB, 100 %, 194.64 W, 53, 1950 MHz, 9501 MHz
2026/10/03 16:57:43.283, 0, 21006 MiB, 14 %, 163.85 W, 53, 1980 MHz, 9501 MHz
2026/10/03 16:57:43.283, 1, 21006 MiB, 100 %, 178.61 W, 53, 1950 MHz, 9501 MHz
2026/10/03 16:57:44.283, 0, 21006 MiB, 16 %, 137.31 W, 52, 1695 MHz, 9501 MHz
2026/10/03 16:57:44.283, 1, 21006 MiB, 100 %, 179.06 W, 53, 1950 MHz, 9501 MHz
2026/10/03 16:57:45.284, 0, 21006 MiB, 16 %, 130.73 W, 52, 1695 MHz, 9501 MHz
2026/10/03 16:57:45.284, 1, 21006 MiB, 100 %, 179.01 W, 53, 1950 MHz, 9501 MHz
2026/10/03 16:57:46.284, 0, 21006 MiB, 15 %, 130.90 W, 52, 1695 MHz, 9501 MHz
2026/10/03 16:57:46.284, 1, 21006 MiB, 100 %, 179.18 W, 53, 1950 MHz, 9501 MHz
2026/10/03 16:57:47.284, 0, 21006 MiB, 15 %, 130.94 W, 52, 1695 MHz, 9501 MHz
2026/10/03 16:57:47.285, 1, 21006 MiB, 100 %, 179.26 W, 53, 1950 MHz, 9501 MHz
2026/10/03 16:57:48.285, 0, 21006 MiB, 16 %, 130.79 W, 51, 1695 MHz, 9501 MHz
2026/10/03 16:57:48.285, 1, 21006 MiB, 100 %, 179.01 W, 53, 1950 MHz, 9501 MHz
2026/10/03 16:57:49.285, 0, 21006 MiB, 16 %, 131.11 W, 51, 1695 MHz, 9501 MHz
2026/10/03 16:57:49.285, 1, 21006 MiB, 100 %, 179.30 W, 53, 1950 MHz, 9501 MHz
2026/10/03 16:57:50.285, 0, 21006 MiB, 15 %, 130.96 W, 52, 1695 MHz, 9501 MHz
2026/10/03 16:57:50.286, 1, 21006 MiB, 100 %, 179.24 W, 53, 1950 MHz, 9501 MHz
2026/10/03 16:57:51.286, 0, 21006 MiB, 16 %, 130.92 W, 51, 1695 MHz, 9501 MHz
2026/10/03 16:57:51.286, 1, 21006 MiB, 100 %, 179.27 W, 53, 1950 MHz, 9501 MHz
2026/10/03 16:57:52.286, 0, 21006 MiB, 16 %, 131.03 W, 51, 1695 MHz, 9501 MHz
2026/10/03 16:57:52.286, 1, 21006 MiB, 100 %, 179.61 W, 53, 1950 MHz, 9501 MHz
2026/10/03 16:57:53.286, 0, 21006 MiB, 100 %, 152.89 W, 53, 1980 MHz, 9501 MHz
2026/10/03 16:57:53.287, 1, 21006 MiB, 15 %, 169.67 W, 52, 1950 MHz, 9501 MHz
2026/10/03 16:57:54.287, 0, 21006 MiB, 100 %, 178.14 W, 54, 1980 MHz, 9501 MHz
2026/10/03 16:57:54.287, 1, 21006 MiB, 13 %, 165.20 W, 52, 1950 MHz, 9501 MHz
2026/10/03 16:57:55.287, 0, 21006 MiB, 100 %, 178.24 W, 54, 1980 MHz, 9501 MHz
2026/10/03 16:57:55.287, 1, 21006 MiB, 16 %, 142.87 W, 51, 1695 MHz, 9501 MHz
2026/10/03 16:57:56.288, 0, 21006 MiB, 100 %, 178.49 W, 54, 1980 MHz, 9501 MHz
2026/10/03 16:57:56.288, 1, 21006 MiB, 15 %, 134.09 W, 51, 1695 MHz, 9501 MHz
2026/10/03 16:57:57.288, 0, 21006 MiB, 100 %, 220.76 W, 56, 1980 MHz, 9501 MHz
2026/10/03 16:57:57.288, 1, 21006 MiB, 100 %, 197.31 W, 54, 1965 MHz, 9501 MHz
2026/10/03 16:57:58.288, 0, 21006 MiB, 18 %, 196.38 W, 54, 1980 MHz, 9501 MHz
2026/10/03 16:57:58.289, 1, 21006 MiB, 100 %, 206.87 W, 53, 1965 MHz, 9501 MHz
2026/10/03 16:57:59.289, 0, 21006 MiB, 100 %, 177.03 W, 54, 1980 MHz, 9501 MHz
2026/10/03 16:57:59.289, 1, 21006 MiB, 17 %, 179.69 W, 52, 1965 MHz, 9501 MHz
2026/10/03 16:58:00.289, 0, 21006 MiB, 100 %, 184.73 W, 55, 1980 MHz, 9501 MHz
2026/10/03 16:58:00.289, 1, 21006 MiB, 17 %, 170.78 W, 52, 1965 MHz, 9501 MHz
2026/10/03 16:58:01.290, 0, 21006 MiB, 100 %, 185.23 W, 55, 1980 MHz, 9501 MHz
2026/10/03 16:58:01.290, 1, 21006 MiB, 18 %, 153.32 W, 51, 1695 MHz, 9501 MHz
2026/10/03 16:58:02.290, 0, 21006 MiB, 100 %, 185.24 W, 55, 1980 MHz, 9501 MHz
2026/10/03 16:58:02.290, 1, 21006 MiB, 18 %, 137.49 W, 51, 1695 MHz, 9501 MHz
2026/10/03 16:58:03.290, 0, 21006 MiB, 100 %, 185.83 W, 55, 1980 MHz, 9501 MHz
2026/10/03 16:58:03.291, 1, 21006 MiB, 18 %, 137.91 W, 51, 1695 MHz, 9501 MHz
2026/10/03 16:58:04.291, 0, 21006 MiB, 100 %, 185.83 W, 55, 1980 MHz, 9501 MHz
2026/10/03 16:58:04.291, 1, 21006 MiB, 18 %, 137.75 W, 51, 1695 MHz, 9501 MHz
2026/10/03 16:58:05.291, 0, 21006 MiB, 100 %, 186.37 W, 55, 1980 MHz, 9501 MHz
2026/10/03 16:58:05.291, 1, 21006 MiB, 19 %, 137.96 W, 51, 1695 MHz, 9501 MHz
2026/10/03 16:58:06.291, 0, 21006 MiB, 100 %, 187.00 W, 55, 1980 MHz, 9501 MHz
2026/10/03 16:58:06.292, 1, 21006 MiB, 20 %, 138.35 W, 51, 1695 MHz, 9501 MHz
2026/10/03 16:58:07.292, 0, 21006 MiB, 100 %, 186.94 W, 55, 1980 MHz, 9501 MHz
2026/10/03 16:58:07.292, 1, 21006 MiB, 20 %, 138.48 W, 51, 1695 MHz, 9501 MHz
2026/10/03 16:58:08.292, 0, 21006 MiB, 18 %, 175.24 W, 54, 1980 MHz, 9501 MHz
2026/10/03 16:58:08.292, 1, 21006 MiB, 100 %, 173.66 W, 52, 1965 MHz, 9501 MHz
2026/10/03 16:58:09.293, 0, 21006 MiB, 20 %, 169.52 W, 54, 1695 MHz, 9501 MHz
2026/10/03 16:58:09.293, 1, 21006 MiB, 100 %, 187.09 W, 52, 1965 MHz, 9501 MHz
2026/10/03 16:58:10.293, 0, 21006 MiB, 19 %, 136.56 W, 53, 1695 MHz, 9501 MHz
2026/10/03 16:58:10.293, 1, 21006 MiB, 100 %, 186.78 W, 52, 1965 MHz, 9501 MHz
2026/10/03 16:58:11.293, 0, 21006 MiB, 20 %, 136.35 W, 53, 1695 MHz, 9501 MHz
2026/10/03 16:58:11.293, 1, 21006 MiB, 100 %, 186.99 W, 52, 1965 MHz, 9501 MHz
2026/10/03 16:58:12.294, 0, 21006 MiB, 33 %, 136.42 W, 53, 1695 MHz, 9501 MHz
2026/10/03 16:58:12.294, 1, 21006 MiB, 100 %, 186.74 W, 52, 1965 MHz, 9501 MHz
2026/10/03 16:58:13.294, 0, 21006 MiB, 100 %, 225.79 W, 57, 1980 MHz, 9501 MHz
2026/10/03 16:58:13.294, 1, 21006 MiB, 100 %, 236.19 W, 54, 1965 MHz, 9501 MHz
2026/10/03 16:58:14.294, 0, 21006 MiB, 18 %, 186.97 W, 55, 1980 MHz, 9501 MHz
2026/10/03 16:58:14.294, 1, 21006 MiB, 100 %, 199.23 W, 53, 1965 MHz, 9501 MHz
2026/10/03 16:58:15.295, 0, 21006 MiB, 20 %, 170.60 W, 54, 1695 MHz, 9501 MHz
2026/10/03 16:58:15.295, 1, 21006 MiB, 100 %, 188.42 W, 53, 1965 MHz, 9501 MHz
2026/10/03 16:58:16.295, 0, 21006 MiB, 20 %, 137.09 W, 53, 1695 MHz, 9501 MHz
2026/10/03 16:58:16.295, 1, 21006 MiB, 100 %, 188.12 W, 53, 1965 MHz, 9501 MHz
2026/10/03 16:58:17.295, 0, 21006 MiB, 19 %, 136.68 W, 53, 1695 MHz, 9501 MHz
2026/10/03 16:58:17.295, 1, 21006 MiB, 100 %, 188.28 W, 53, 1965 MHz, 9501 MHz
2026/10/03 16:58:18.295, 0, 21006 MiB, 20 %, 136.70 W, 53, 1695 MHz, 9501 MHz
2026/10/03 16:58:18.296, 1, 21006 MiB, 100 %, 188.35 W, 53, 1965 MHz, 9501 MHz
2026/10/03 16:58:19.296, 0, 21006 MiB, 19 %, 136.38 W, 53, 1695 MHz, 9501 MHz
2026/10/03 16:58:19.296, 1, 21006 MiB, 100 %, 188.30 W, 53, 1965 MHz, 9501 MHz
2026/10/03 16:58:20.296, 0, 21006 MiB, 19 %, 136.51 W, 52, 1695 MHz, 9501 MHz
2026/10/03 16:58:20.296, 1, 21006 MiB, 100 %, 188.55 W, 53, 1965 MHz, 9501 MHz
2026/10/03 16:58:21.297, 0, 21006 MiB, 20 %, 136.45 W, 52, 1695 MHz, 9501 MHz
2026/10/03 16:58:21.297, 1, 21006 MiB, 100 %, 188.33 W, 53, 1965 MHz, 9501 MHz
2026/10/03 16:58:22.297, 0, 21006 MiB, 19 %, 136.30 W, 52, 1695 MHz, 9501 MHz
2026/10/03 16:58:22.297, 1, 21006 MiB, 100 %, 188.66 W, 53, 1965 MHz, 9501 MHz
2026/10/03 16:58:23.297, 0, 21006 MiB, 20 %, 135.89 W, 52, 1695 MHz, 9501 MHz
2026/10/03 16:58:23.298, 1, 21006 MiB, 100 %, 188.21 W, 53, 1965 MHz, 9501 MHz
2026/10/03 16:58:24.298, 0, 21006 MiB, 20 %, 136.51 W, 52, 1695 MHz, 9501 MHz
2026/10/03 16:58:24.298, 1, 21006 MiB, 100 %, 189.21 W, 53, 1965 MHz, 9501 MHz
2026/10/03 16:58:25.298, 0, 21006 MiB, 21 %, 136.41 W, 52, 1695 MHz, 9501 MHz
2026/10/03 16:58:25.298, 1, 21006 MiB, 100 %, 189.10 W, 53, 1965 MHz, 9501 MHz
2026/10/03 16:58:26.298, 0, 21006 MiB, 20 %, 136.38 W, 52, 1695 MHz, 9501 MHz
2026/10/03 16:58:26.298, 1, 21006 MiB, 100 %, 188.96 W, 53, 1965 MHz, 9501 MHz
2026/10/03 16:58:27.299, 0, 21006 MiB, 19 %, 136.31 W, 52, 1695 MHz, 9501 MHz
2026/10/03 16:58:27.299, 1, 21006 MiB, 100 %, 189.09 W, 53, 1965 MHz, 9501 MHz
2026/10/03 16:58:28.299, 0, 21006 MiB, 100 %, 200.33 W, 56, 1980 MHz, 9501 MHz
2026/10/03 16:58:28.299, 1, 21006 MiB, 100 %, 227.85 W, 54, 1965 MHz, 9501 MHz
2026/10/03 16:58:29.299, 0, 21006 MiB, 19 %, 203.04 W, 54, 1980 MHz, 9501 MHz
2026/10/03 16:58:29.299, 1, 21006 MiB, 100 %, 213.25 W, 53, 1965 MHz, 9501 MHz
2026/10/03 16:58:30.299, 0, 21006 MiB, 19 %, 174.57 W, 54, 1980 MHz, 9501 MHz
2026/10/03 16:58:30.300, 1, 21006 MiB, 100 %, 190.24 W, 53, 1965 MHz, 9501 MHz
2026/10/03 16:58:31.300, 0, 21006 MiB, 19 %, 147.58 W, 53, 1695 MHz, 9501 MHz
2026/10/03 16:58:31.300, 1, 21006 MiB, 100 %, 189.76 W, 53, 1965 MHz, 9501 MHz
2026/10/03 16:58:32.300, 0, 21006 MiB, 20 %, 136.88 W, 52, 1695 MHz, 9501 MHz
2026/10/03 16:58:32.300, 1, 21006 MiB, 100 %, 189.67 W, 53, 1965 MHz, 9501 MHz
2026/10/03 16:58:33.300, 0, 21006 MiB, 20 %, 137.23 W, 52, 1695 MHz, 9501 MHz
2026/10/03 16:58:33.300, 1, 21006 MiB, 100 %, 190.07 W, 53, 1965 MHz, 9501 MHz
2026/10/03 16:58:34.301, 0, 21006 MiB, 20 %, 137.00 W, 52, 1695 MHz, 9501 MHz
2026/10/03 16:58:34.301, 1, 21006 MiB, 100 %, 189.97 W, 53, 1965 MHz, 9501 MHz
2026/10/03 16:58:35.301, 0, 21006 MiB, 20 %, 137.12 W, 52, 1695 MHz, 9501 MHz
2026/10/03 16:58:35.301, 1, 21006 MiB, 100 %, 190.04 W, 53, 1965 MHz, 9501 MHz
2026/10/03 16:58:36.301, 0, 21006 MiB, 20 %, 135.99 W, 52, 1695 MHz, 9501 MHz
2026/10/03 16:58:36.301, 1, 21006 MiB, 100 %, 188.82 W, 53, 1965 MHz, 9501 MHz
2026/10/03 16:58:37.301, 0, 21006 MiB, 20 %, 136.31 W, 52, 1695 MHz, 9501 MHz
2026/10/03 16:58:37.302, 1, 21006 MiB, 100 %, 189.31 W, 53, 1965 MHz, 9501 MHz
2026/10/03 16:58:38.302, 0, 21006 MiB, 20 %, 136.85 W, 52, 1695 MHz, 9501 MHz
2026/10/03 16:58:38.302, 1, 21006 MiB, 100 %, 189.86 W, 53, 1965 MHz, 9501 MHz
2026/10/03 16:58:39.302, 0, 21006 MiB, 21 %, 137.05 W, 52, 1695 MHz, 9501 MHz
2026/10/03 16:58:39.302, 1, 21006 MiB, 100 %, 190.01 W, 53, 1965 MHz, 9501 MHz
2026/10/03 16:58:40.302, 0, 21006 MiB, 20 %, 136.74 W, 52, 1695 MHz, 9501 MHz
2026/10/03 16:58:40.302, 1, 21006 MiB, 100 %, 189.73 W, 53, 1965 MHz, 9501 MHz
2026/10/03 16:58:41.303, 0, 21006 MiB, 20 %, 136.79 W, 52, 1695 MHz, 9501 MHz
2026/10/03 16:58:41.303, 1, 21006 MiB, 100 %, 189.61 W, 53, 1965 MHz, 9501 MHz
2026/10/03 16:58:42.303, 0, 21006 MiB, 20 %, 136.99 W, 52, 1695 MHz, 9501 MHz
2026/10/03 16:58:42.303, 1, 21006 MiB, 100 %, 189.78 W, 53, 1965 MHz, 9501 MHz
2026/10/03 16:58:43.303, 0, 21006 MiB, 20 %, 136.75 W, 52, 1695 MHz, 9501 MHz
2026/10/03 16:58:43.303, 1, 21006 MiB, 100 %, 189.78 W, 53, 1965 MHz, 9501 MHz
2026/10/03 16:58:44.304, 0, 21006 MiB, 99 %, 216.23 W, 56, 1980 MHz, 9501 MHz
2026/10/03 16:58:44.304, 1, 21006 MiB, 99 %, 233.23 W, 55, 1965 MHz, 9501 MHz
2026/10/03 16:58:45.304, 0, 21006 MiB, 17 %, 194.34 W, 54, 1980 MHz, 9501 MHz
2026/10/03 16:58:45.304, 1, 21006 MiB, 100 %, 206.40 W, 54, 1965 MHz, 9501 MHz
2026/10/03 16:58:46.304, 0, 21006 MiB, 16 %, 167.92 W, 54, 1980 MHz, 9501 MHz
2026/10/03 16:58:46.305, 1, 21006 MiB, 100 %, 184.70 W, 54, 1965 MHz, 9501 MHz
2026/10/03 16:58:47.305, 0, 21006 MiB, 18 %, 143.52 W, 52, 1695 MHz, 9501 MHz
2026/10/03 16:58:47.305, 1, 21006 MiB, 100 %, 185.18 W, 54, 1965 MHz, 9501 MHz
2026/10/03 16:58:48.311, 0, 21006 MiB, 19 %, 133.44 W, 52, 1695 MHz, 9501 MHz
2026/10/03 16:58:48.311, 1, 21006 MiB, 100 %, 185.14 W, 53, 1965 MHz, 9501 MHz
2026/10/03 16:58:49.330, 0, 21006 MiB, 19 %, 133.54 W, 52, 1695 MHz, 9501 MHz
2026/10/03 16:58:49.330, 1, 21006 MiB, 100 %, 185.29 W, 54, 1965 MHz, 9501 MHz
2026/10/03 16:58:50.347, 0, 21006 MiB, 19 %, 133.64 W, 52, 1695 MHz, 9501 MHz
2026/10/03 16:58:50.347, 1, 21006 MiB, 100 %, 185.34 W, 54, 1965 MHz, 9501 MHz
2026/10/03 16:58:51.362, 0, 21006 MiB, 18 %, 133.50 W, 52, 1695 MHz, 9501 MHz
2026/10/03 16:58:51.362, 1, 21006 MiB, 100 %, 185.49 W, 54, 1965 MHz, 9501 MHz
2026/10/03 16:58:52.375, 0, 21006 MiB, 19 %, 133.45 W, 52, 1695 MHz, 9501 MHz
2026/10/03 16:58:52.375, 1, 21006 MiB, 100 %, 185.74 W, 53, 1965 MHz, 9501 MHz
2026/10/03 16:58:53.386, 0, 21006 MiB, 19 %, 133.39 W, 51, 1695 MHz, 9501 MHz
2026/10/03 16:58:53.387, 1, 21006 MiB, 100 %, 185.59 W, 53, 1965 MHz, 9501 MHz
2026/10/03 16:58:54.397, 0, 21006 MiB, 18 %, 133.51 W, 51, 1695 MHz, 9501 MHz
2026/10/03 16:58:54.397, 1, 21006 MiB, 100 %, 185.75 W, 54, 1965 MHz, 9501 MHz
2026/10/03 16:58:55.406, 0, 21006 MiB, 19 %, 133.75 W, 51, 1695 MHz, 9501 MHz
2026/10/03 16:58:55.406, 1, 21006 MiB, 100 %, 186.08 W, 53, 1965 MHz, 9501 MHz
2026/10/03 16:58:56.414, 0, 21006 MiB, 19 %, 133.68 W, 51, 1695 MHz, 9501 MHz
2026/10/03 16:58:56.415, 1, 21006 MiB, 100 %, 186.13 W, 54, 1965 MHz, 9501 MHz
2026/10/03 16:58:57.422, 0, 21006 MiB, 18 %, 133.49 W, 51, 1695 MHz, 9501 MHz
2026/10/03 16:58:57.422, 1, 21006 MiB, 100 %, 186.14 W, 54, 1965 MHz, 9501 MHz
2026/10/03 16:58:58.428, 0, 21006 MiB, 19 %, 133.41 W, 51, 1695 MHz, 9501 MHz
2026/10/03 16:58:58.428, 1, 21006 MiB, 100 %, 186.34 W, 53, 1965 MHz, 9501 MHz
2026/10/03 16:58:59.434, 0, 21006 MiB, 99 %, 155.69 W, 55, 1980 MHz, 9501 MHz
2026/10/03 16:58:59.434, 1, 21006 MiB, 100 %, 201.37 W, 55, 1965 MHz, 9501 MHz
2026/10/03 16:59:00.439, 0, 21006 MiB, 19 %, 231.54 W, 54, 1980 MHz, 9501 MHz
2026/10/03 16:59:00.439, 1, 21006 MiB, 100 %, 236.41 W, 54, 1965 MHz, 9501 MHz
2026/10/03 16:59:01.444, 0, 21006 MiB, 19 %, 173.18 W, 53, 1980 MHz, 9501 MHz
2026/10/03 16:59:01.444, 1, 21006 MiB, 100 %, 189.28 W, 54, 1965 MHz, 9501 MHz
2026/10/03 16:59:02.448, 0, 21006 MiB, 20 %, 159.88 W, 52, 1695 MHz, 9501 MHz
2026/10/03 16:59:02.448, 1, 21006 MiB, 100 %, 188.74 W, 54, 1965 MHz, 9501 MHz
2026/10/03 16:59:03.453, 0, 21006 MiB, 21 %, 136.14 W, 52, 1695 MHz, 9501 MHz
2026/10/03 16:59:03.453, 1, 21006 MiB, 100 %, 189.58 W, 54, 1965 MHz, 9501 MHz
2026/10/03 16:59:04.456, 0, 21006 MiB, 20 %, 136.53 W, 52, 1695 MHz, 9501 MHz
2026/10/03 16:59:04.456, 1, 21006 MiB, 100 %, 190.14 W, 54, 1965 MHz, 9501 MHz
2026/10/03 16:59:05.459, 0, 21006 MiB, 21 %, 136.01 W, 52, 1695 MHz, 9501 MHz
2026/10/03 16:59:05.460, 1, 21006 MiB, 100 %, 189.25 W, 54, 1965 MHz, 9501 MHz
2026/10/03 16:59:06.463, 0, 21006 MiB, 20 %, 135.47 W, 51, 1695 MHz, 9501 MHz
2026/10/03 16:59:06.463, 1, 21006 MiB, 100 %, 188.90 W, 54, 1965 MHz, 9501 MHz
2026/10/03 16:59:07.465, 0, 21006 MiB, 21 %, 135.66 W, 51, 1695 MHz, 9501 MHz
2026/10/03 16:59:07.465, 1, 21006 MiB, 100 %, 189.17 W, 54, 1965 MHz, 9501 MHz
2026/10/03 16:59:08.468, 0, 21006 MiB, 20 %, 135.41 W, 51, 1695 MHz, 9501 MHz
2026/10/03 16:59:08.468, 1, 21006 MiB, 100 %, 189.17 W, 54, 1965 MHz, 9501 MHz
2026/10/03 16:59:09.470, 0, 21006 MiB, 20 %, 135.39 W, 51, 1695 MHz, 9501 MHz
2026/10/03 16:59:09.470, 1, 21006 MiB, 100 %, 189.13 W, 54, 1965 MHz, 9501 MHz
2026/10/03 16:59:10.472, 0, 21006 MiB, 20 %, 135.51 W, 51, 1695 MHz, 9501 MHz
2026/10/03 16:59:10.473, 1, 21006 MiB, 100 %, 189.37 W, 54, 1965 MHz, 9501 MHz
2026/10/03 16:59:11.475, 0, 21006 MiB, 19 %, 135.24 W, 51, 1695 MHz, 9501 MHz
2026/10/03 16:59:11.475, 1, 21006 MiB, 100 %, 189.33 W, 54, 1965 MHz, 9501 MHz
2026/10/03 16:59:12.477, 0, 21006 MiB, 19 %, 135.15 W, 51, 1695 MHz, 9501 MHz
2026/10/03 16:59:12.477, 1, 21006 MiB, 100 %, 189.26 W, 54, 1965 MHz, 9501 MHz
2026/10/03 16:59:13.480, 0, 21006 MiB, 20 %, 135.24 W, 51, 1695 MHz, 9501 MHz
2026/10/03 16:59:13.480, 1, 21006 MiB, 100 %, 189.46 W, 54, 1965 MHz, 9501 MHz
2026/10/03 16:59:14.481, 0, 21006 MiB, 19 %, 135.18 W, 51, 1695 MHz, 9501 MHz
2026/10/03 16:59:14.481, 1, 21006 MiB, 100 %, 188.82 W, 54, 1965 MHz, 9501 MHz
2026/10/03 16:59:15.482, 0, 21006 MiB, 100 %, 197.57 W, 55, 1980 MHz, 9501 MHz
2026/10/03 16:59:15.483, 1, 21006 MiB, 100 %, 226.28 W, 55, 1965 MHz, 9501 MHz
2026/10/03 16:59:16.484, 0, 21006 MiB, 19 %, 204.07 W, 53, 1980 MHz, 9501 MHz
2026/10/03 16:59:16.484, 1, 21006 MiB, 100 %, 215.64 W, 54, 1965 MHz, 9501 MHz
2026/10/03 16:59:17.485, 0, 21006 MiB, 18 %, 171.91 W, 53, 1980 MHz, 9501 MHz
2026/10/03 16:59:17.485, 1, 21006 MiB, 100 %, 189.78 W, 54, 1965 MHz, 9501 MHz
2026/10/03 16:59:18.486, 0, 21006 MiB, 20 %, 145.68 W, 52, 1695 MHz, 9501 MHz
2026/10/03 16:59:18.487, 1, 21006 MiB, 100 %, 189.46 W, 54, 1965 MHz, 9501 MHz
2026/10/03 16:59:19.488, 0, 21006 MiB, 20 %, 135.32 W, 51, 1695 MHz, 9501 MHz
2026/10/03 16:59:19.488, 1, 21006 MiB, 100 %, 189.27 W, 54, 1965 MHz, 9501 MHz
2026/10/03 16:59:20.488, 0, 21006 MiB, 19 %, 135.90 W, 51, 1695 MHz, 9501 MHz
2026/10/03 16:59:20.488, 1, 21006 MiB, 100 %, 189.64 W, 54, 1965 MHz, 9501 MHz
2026/10/03 16:59:21.488, 0, 21006 MiB, 19 %, 135.43 W, 51, 1695 MHz, 9501 MHz
2026/10/03 16:59:21.488, 1, 21006 MiB, 100 %, 189.27 W, 54, 1965 MHz, 9501 MHz
2026/10/03 16:59:22.488, 0, 21006 MiB, 18 %, 135.11 W, 51, 1695 MHz, 9501 MHz
2026/10/03 16:59:22.489, 1, 21006 MiB, 100 %, 188.89 W, 54, 1965 MHz, 9501 MHz
2026/10/03 16:59:23.489, 0, 21006 MiB, 20 %, 134.67 W, 51, 1695 MHz, 9501 MHz
2026/10/03 16:59:23.489, 1, 21006 MiB, 100 %, 188.52 W, 54, 1965 MHz, 9501 MHz
2026/10/03 16:59:24.489, 0, 21006 MiB, 20 %, 134.90 W, 51, 1695 MHz, 9501 MHz
2026/10/03 16:59:24.489, 1, 21006 MiB, 100 %, 188.70 W, 54, 1965 MHz, 9501 MHz
2026/10/03 16:59:25.489, 0, 21006 MiB, 19 %, 134.71 W, 51, 1695 MHz, 9501 MHz
2026/10/03 16:59:25.489, 1, 21006 MiB, 100 %, 188.56 W, 54, 1965 MHz, 9501 MHz
2026/10/03 16:59:26.489, 0, 21006 MiB, 19 %, 134.56 W, 51, 1695 MHz, 9501 MHz
2026/10/03 16:59:26.490, 1, 21006 MiB, 100 %, 188.49 W, 54, 1965 MHz, 9501 MHz
2026/10/03 16:59:27.490, 0, 21006 MiB, 20 %, 134.54 W, 51, 1695 MHz, 9501 MHz
2026/10/03 16:59:27.490, 1, 21006 MiB, 100 %, 188.37 W, 54, 1965 MHz, 9501 MHz
2026/10/03 16:59:28.490, 0, 21006 MiB, 20 %, 134.47 W, 51, 1695 MHz, 9501 MHz
2026/10/03 16:59:28.490, 1, 21006 MiB, 100 %, 188.18 W, 54, 1965 MHz, 9501 MHz
2026/10/03 16:59:29.490, 0, 21006 MiB, 18 %, 134.15 W, 51, 1695 MHz, 9501 MHz
2026/10/03 16:59:29.490, 1, 21006 MiB, 100 %, 187.86 W, 54, 1965 MHz, 9501 MHz
2026/10/03 16:59:30.491, 0, 21006 MiB, 100 %, 137.40 W, 52, 1980 MHz, 9501 MHz
2026/10/03 16:59:30.491, 1, 21006 MiB, 100 %, 191.96 W, 55, 1965 MHz, 9501 MHz
2026/10/03 16:59:31.491, 0, 21006 MiB, 100 %, 234.67 W, 55, 1980 MHz, 9501 MHz
2026/10/03 16:59:31.491, 1, 21006 MiB, 100 %, 244.60 W, 55, 1965 MHz, 9501 MHz
2026/10/03 16:59:32.491, 0, 21006 MiB, 19 %, 182.67 W, 53, 1980 MHz, 9501 MHz
2026/10/03 16:59:32.491, 1, 21006 MiB, 100 %, 198.83 W, 54, 1965 MHz, 9501 MHz
2026/10/03 16:59:33.491, 0, 21006 MiB, 19 %, 166.28 W, 52, 1695 MHz, 9501 MHz
2026/10/03 16:59:33.492, 1, 21006 MiB, 100 %, 189.95 W, 54, 1965 MHz, 9501 MHz
2026/10/03 16:59:34.492, 0, 21006 MiB, 20 %, 135.41 W, 51, 1695 MHz, 9501 MHz
2026/10/03 16:59:34.492, 1, 21006 MiB, 100 %, 189.10 W, 54, 1965 MHz, 9501 MHz
2026/10/03 16:59:35.492, 0, 21006 MiB, 19 %, 135.17 W, 51, 1695 MHz, 9501 MHz
2026/10/03 16:59:35.492, 1, 21006 MiB, 100 %, 188.76 W, 54, 1965 MHz, 9501 MHz
2026/10/03 16:59:36.492, 0, 21006 MiB, 20 %, 135.49 W, 51, 1695 MHz, 9501 MHz
2026/10/03 16:59:36.492, 1, 21006 MiB, 100 %, 189.01 W, 54, 1965 MHz, 9501 MHz
2026/10/03 16:59:37.492, 0, 21006 MiB, 21 %, 135.67 W, 51, 1695 MHz, 9501 MHz
2026/10/03 16:59:37.493, 1, 21006 MiB, 100 %, 189.15 W, 54, 1965 MHz, 9501 MHz
2026/10/03 16:59:38.493, 0, 21006 MiB, 20 %, 135.79 W, 51, 1695 MHz, 9501 MHz
2026/10/03 16:59:38.493, 1, 21006 MiB, 100 %, 189.36 W, 54, 1965 MHz, 9501 MHz
2026/10/03 16:59:39.493, 0, 21006 MiB, 20 %, 135.70 W, 51, 1695 MHz, 9501 MHz
2026/10/03 16:59:39.493, 1, 21006 MiB, 100 %, 189.47 W, 54, 1965 MHz, 9501 MHz
2026/10/03 16:59:40.493, 0, 21006 MiB, 19 %, 135.00 W, 51, 1695 MHz, 9501 MHz
2026/10/03 16:59:40.493, 1, 21006 MiB, 100 %, 188.72 W, 54, 1965 MHz, 9501 MHz
2026/10/03 16:59:41.494, 0, 21006 MiB, 19 %, 134.69 W, 51, 1695 MHz, 9501 MHz
2026/10/03 16:59:41.494, 1, 21006 MiB, 100 %, 188.59 W, 54, 1965 MHz, 9501 MHz
2026/10/03 16:59:42.494, 0, 21006 MiB, 19 %, 134.88 W, 51, 1695 MHz, 9501 MHz
2026/10/03 16:59:42.494, 1, 21006 MiB, 100 %, 188.81 W, 54, 1965 MHz, 9501 MHz
2026/10/03 16:59:43.494, 0, 21006 MiB, 20 %, 134.76 W, 51, 1695 MHz, 9501 MHz
2026/10/03 16:59:43.494, 1, 21006 MiB, 100 %, 188.79 W, 54, 1965 MHz, 9501 MHz
2026/10/03 16:59:44.494, 0, 21006 MiB, 20 %, 134.79 W, 51, 1695 MHz, 9501 MHz
2026/10/03 16:59:44.495, 1, 21006 MiB, 100 %, 188.95 W, 54, 1965 MHz, 9501 MHz
2026/10/03 16:59:45.495, 0, 21006 MiB, 19 %, 135.00 W, 51, 1695 MHz, 9501 MHz
2026/10/03 16:59:45.495, 1, 21006 MiB, 100 %, 188.82 W, 54, 1965 MHz, 9501 MHz
2026/10/03 16:59:46.495, 0, 21006 MiB, 80 %, 137.16 W, 52, 1980 MHz, 9501 MHz
2026/10/03 16:59:46.495, 1, 21006 MiB, 100 %, 191.31 W, 55, 1965 MHz, 9501 MHz
2026/10/03 16:59:47.495, 0, 21006 MiB, 100 %, 235.02 W, 55, 1980 MHz, 9501 MHz
2026/10/03 16:59:47.496, 1, 21006 MiB, 100 %, 244.41 W, 56, 1965 MHz, 9501 MHz
2026/10/03 16:59:48.496, 0, 21006 MiB, 18 %, 182.33 W, 53, 1980 MHz, 9501 MHz
2026/10/03 16:59:48.496, 1, 21006 MiB, 100 %, 198.64 W, 54, 1965 MHz, 9501 MHz
2026/10/03 16:59:49.496, 0, 21006 MiB, 19 %, 165.03 W, 52, 1695 MHz, 9501 MHz
2026/10/03 16:59:49.496, 1, 21006 MiB, 100 %, 189.02 W, 54, 1965 MHz, 9501 MHz
2026/10/03 16:59:50.496, 0, 21006 MiB, 19 %, 135.08 W, 51, 1695 MHz, 9501 MHz
2026/10/03 16:59:50.497, 1, 21006 MiB, 100 %, 189.25 W, 54, 1965 MHz, 9501 MHz
2026/10/03 16:59:51.497, 0, 21006 MiB, 19 %, 134.98 W, 51, 1695 MHz, 9501 MHz
2026/10/03 16:59:51.497, 1, 21006 MiB, 100 %, 189.43 W, 54, 1965 MHz, 9501 MHz
2026/10/03 16:59:52.497, 0, 21006 MiB, 19 %, 134.89 W, 51, 1695 MHz, 9501 MHz
2026/10/03 16:59:52.497, 1, 21006 MiB, 100 %, 189.65 W, 54, 1965 MHz, 9501 MHz
2026/10/03 16:59:53.497, 0, 21006 MiB, 19 %, 134.83 W, 51, 1695 MHz, 9501 MHz
2026/10/03 16:59:53.498, 1, 21006 MiB, 100 %, 189.44 W, 54, 1965 MHz, 9501 MHz
2026/10/03 16:59:54.498, 0, 21006 MiB, 18 %, 135.11 W, 51, 1695 MHz, 9501 MHz
2026/10/03 16:59:54.498, 1, 21006 MiB, 100 %, 189.63 W, 54, 1965 MHz, 9501 MHz
2026/10/03 16:59:55.498, 0, 21006 MiB, 20 %, 135.08 W, 51, 1695 MHz, 9501 MHz
2026/10/03 16:59:55.498, 1, 21006 MiB, 100 %, 189.47 W, 54, 1965 MHz, 9501 MHz
2026/10/03 16:59:56.498, 0, 21006 MiB, 20 %, 135.81 W, 51, 1695 MHz, 9501 MHz
2026/10/03 16:59:56.499, 1, 21006 MiB, 100 %, 190.27 W, 54, 1965 MHz, 9501 MHz
2026/10/03 16:59:57.499, 0, 21006 MiB, 20 %, 135.93 W, 51, 1695 MHz, 9501 MHz
2026/10/03 16:59:57.499, 1, 21006 MiB, 100 %, 190.55 W, 54, 1965 MHz, 9501 MHz
2026/10/03 16:59:58.499, 0, 21006 MiB, 21 %, 135.79 W, 51, 1695 MHz, 9501 MHz
2026/10/03 16:59:58.499, 1, 21006 MiB, 100 %, 190.30 W, 54, 1965 MHz, 9501 MHz
2026/10/03 16:59:59.500, 0, 21006 MiB, 19 %, 135.92 W, 51, 1695 MHz, 9501 MHz
2026/10/03 16:59:59.500, 1, 21006 MiB, 100 %, 190.40 W, 54, 1965 MHz, 9501 MHz
2026/10/03 17:00:00.500, 0, 21006 MiB, 20 %, 135.92 W, 51, 1695 MHz, 9501 MHz
2026/10/03 17:00:00.500, 1, 21006 MiB, 100 %, 190.48 W, 54, 1965 MHz, 9501 MHz
2026/10/03 17:00:01.500, 0, 21006 MiB, 100 %, 163.54 W, 53, 1980 MHz, 9501 MHz
2026/10/03 17:00:01.501, 1, 21006 MiB, 18 %, 178.36 W, 54, 1965 MHz, 9501 MHz
2026/10/03 17:00:02.501, 0, 21006 MiB, 100 %, 183.63 W, 53, 1980 MHz, 9501 MHz
2026/10/03 17:00:02.501, 1, 21006 MiB, 14 %, 170.39 W, 53, 1695 MHz, 9501 MHz
2026/10/03 17:00:03.501, 0, 21006 MiB, 0 %, 151.23 W, 52, 1980 MHz, 9501 MHz
2026/10/03 17:00:03.501, 1, 21006 MiB, 0 %, 124.98 W, 52, 1695 MHz, 9501 MHz
2026/10/03 17:00:04.502, 0, 21006 MiB, 0 %, 141.85 W, 51, 1695 MHz, 9501 MHz
2026/10/03 17:00:04.502, 1, 21006 MiB, 0 %, 122.61 W, 52, 1695 MHz, 9501 MHz
2026/10/03 17:00:05.502, 0, 21006 MiB, 0 %, 129.97 W, 50, 1695 MHz, 9501 MHz
2026/10/03 17:00:05.502, 1, 21006 MiB, 0 %, 122.55 W, 52, 1695 MHz, 9501 MHz
2026/10/03 17:00:06.502, 0, 21006 MiB, 0 %, 118.55 W, 50, 1695 MHz, 9501 MHz
2026/10/03 17:00:06.502, 1, 21006 MiB, 0 %, 122.28 W, 52, 1695 MHz, 9501 MHz
2026/10/03 17:00:07.503, 0, 21006 MiB, 0 %, 118.46 W, 50, 1695 MHz, 9501 MHz
2026/10/03 17:00:07.503, 1, 21006 MiB, 0 %, 122.11 W, 51, 1695 MHz, 9501 MHz
2026/10/03 17:00:08.503, 0, 21006 MiB, 0 %, 118.25 W, 50, 1695 MHz, 9501 MHz
2026/10/03 17:00:08.503, 1, 21006 MiB, 0 %, 121.88 W, 51, 1695 MHz, 9501 MHz
2026/10/03 17:00:09.503, 0, 21006 MiB, 0 %, 118.17 W, 50, 1695 MHz, 9501 MHz
2026/10/03 17:00:09.504, 1, 21006 MiB, 0 %, 121.68 W, 51, 1695 MHz, 9501 MHz
2026/10/03 17:00:10.504, 0, 21006 MiB, 0 %, 118.39 W, 50, 1695 MHz, 9501 MHz
2026/10/03 17:00:10.504, 1, 21006 MiB, 0 %, 121.69 W, 51, 1695 MHz, 9501 MHz
2026/10/03 17:00:11.504, 0, 21006 MiB, 0 %, 118.49 W, 50, 1695 MHz, 9501 MHz
2026/10/03 17:00:11.504, 1, 21006 MiB, 0 %, 121.65 W, 51, 1695 MHz, 9501 MHz
2026/10/03 17:00:12.505, 0, 21006 MiB, 98 %, 119.06 W, 51, 1695 MHz, 9501 MHz
2026/10/03 17:00:12.505, 1, 21006 MiB, 95 %, 122.02 W, 51, 1695 MHz, 9501 MHz
2026/10/03 17:00:13.505, 0, 21006 MiB, 14 %, 187.99 W, 52, 1995 MHz, 9501 MHz
2026/10/03 17:00:13.505, 1, 21006 MiB, 100 %, 203.97 W, 52, 1965 MHz, 9501 MHz
2026/10/03 17:00:14.505, 0, 21006 MiB, 14 %, 163.84 W, 52, 1995 MHz, 9501 MHz
2026/10/03 17:00:14.506, 1, 21006 MiB, 100 %, 179.49 W, 52, 1965 MHz, 9501 MHz
2026/10/03 17:00:15.506, 0, 21006 MiB, 15 %, 146.50 W, 51, 1695 MHz, 9501 MHz
2026/10/03 17:00:15.506, 1, 21006 MiB, 100 %, 179.92 W, 52, 1965 MHz, 9501 MHz
2026/10/03 17:00:16.506, 0, 21006 MiB, 15 %, 130.54 W, 51, 1695 MHz, 9501 MHz
2026/10/03 17:00:16.506, 1, 21006 MiB, 100 %, 180.18 W, 52, 1965 MHz, 9501 MHz
2026/10/03 17:00:17.507, 0, 21006 MiB, 16 %, 130.35 W, 51, 1695 MHz, 9501 MHz
2026/10/03 17:00:17.507, 1, 21006 MiB, 100 %, 180.19 W, 52, 1965 MHz, 9501 MHz
2026/10/03 17:00:18.507, 0, 21006 MiB, 16 %, 130.56 W, 50, 1695 MHz, 9501 MHz
2026/10/03 17:00:18.507, 1, 21006 MiB, 100 %, 180.29 W, 52, 1965 MHz, 9501 MHz
2026/10/03 17:00:19.507, 0, 21006 MiB, 100 %, 147.97 W, 52, 1995 MHz, 9501 MHz
2026/10/03 17:00:19.508, 1, 21006 MiB, 15 %, 173.93 W, 52, 1965 MHz, 9501 MHz
2026/10/03 17:00:20.508, 0, 21006 MiB, 100 %, 178.68 W, 53, 1995 MHz, 9501 MHz
2026/10/03 17:00:20.508, 1, 21006 MiB, 14 %, 165.79 W, 52, 1965 MHz, 9501 MHz
2026/10/03 17:00:21.508, 0, 21006 MiB, 100 %, 178.83 W, 53, 1995 MHz, 9501 MHz
2026/10/03 17:00:21.508, 1, 21006 MiB, 16 %, 146.04 W, 51, 1695 MHz, 9501 MHz
2026/10/03 17:00:22.509, 0, 21006 MiB, 100 %, 178.92 W, 53, 1995 MHz, 9501 MHz
2026/10/03 17:00:22.509, 1, 21006 MiB, 16 %, 134.25 W, 51, 1695 MHz, 9501 MHz
2026/10/03 17:00:23.509, 0, 21006 MiB, 100 %, 179.08 W, 53, 1995 MHz, 9501 MHz
2026/10/03 17:00:23.509, 1, 21006 MiB, 16 %, 134.39 W, 51, 1695 MHz, 9501 MHz
2026/10/03 17:00:24.509, 0, 21006 MiB, 100 %, 179.24 W, 53, 1995 MHz, 9501 MHz
2026/10/03 17:00:24.509, 1, 21006 MiB, 16 %, 134.34 W, 51, 1695 MHz, 9501 MHz
2026/10/03 17:00:25.509, 0, 21006 MiB, 100 %, 179.22 W, 53, 1995 MHz, 9501 MHz
2026/10/03 17:00:25.510, 1, 21006 MiB, 15 %, 134.02 W, 50, 1695 MHz, 9501 MHz
2026/10/03 17:00:26.510, 0, 21006 MiB, 100 %, 179.14 W, 53, 1995 MHz, 9501 MHz
2026/10/03 17:00:26.510, 1, 21006 MiB, 15 %, 133.83 W, 50, 1695 MHz, 9501 MHz
2026/10/03 17:00:27.510, 0, 21006 MiB, 100 %, 179.07 W, 54, 1995 MHz, 9501 MHz
2026/10/03 17:00:27.511, 1, 21006 MiB, 16 %, 133.43 W, 50, 1695 MHz, 9501 MHz
2026/10/03 17:00:28.511, 0, 21006 MiB, 100 %, 199.91 W, 56, 1980 MHz, 9501 MHz
2026/10/03 17:00:28.511, 1, 21006 MiB, 100 %, 165.08 W, 53, 1965 MHz, 9501 MHz
2026/10/03 17:00:29.511, 0, 21006 MiB, 15 %, 183.90 W, 53, 1980 MHz, 9501 MHz
2026/10/03 17:00:29.512, 1, 21006 MiB, 100 %, 194.54 W, 52, 1965 MHz, 9501 MHz
2026/10/03 17:00:30.512, 0, 21006 MiB, 15 %, 166.92 W, 53, 1695 MHz, 9501 MHz
2026/10/03 17:00:30.512, 1, 21006 MiB, 100 %, 181.74 W, 52, 1965 MHz, 9501 MHz
2026/10/03 17:00:31.512, 0, 21006 MiB, 16 %, 135.78 W, 52, 1695 MHz, 9501 MHz
2026/10/03 17:00:31.512, 1, 21006 MiB, 100 %, 181.51 W, 52, 1965 MHz, 9501 MHz
2026/10/03 17:00:32.512, 0, 21006 MiB, 16 %, 132.14 W, 52, 1695 MHz, 9501 MHz
2026/10/03 17:00:32.513, 1, 21006 MiB, 100 %, 181.46 W, 52, 1965 MHz, 9501 MHz
2026/10/03 17:00:33.513, 0, 21006 MiB, 16 %, 132.45 W, 51, 1695 MHz, 9501 MHz
2026/10/03 17:00:33.513, 1, 21006 MiB, 100 %, 181.93 W, 52, 1965 MHz, 9501 MHz
2026/10/03 17:00:34.513, 0, 21006 MiB, 100 %, 141.31 W, 53, 1980 MHz, 9501 MHz
2026/10/03 17:00:34.513, 1, 21006 MiB, 14 %, 176.82 W, 51, 1965 MHz, 9501 MHz
2026/10/03 17:00:35.514, 0, 21006 MiB, 100 %, 179.64 W, 54, 1980 MHz, 9501 MHz
2026/10/03 17:00:35.514, 1, 21006 MiB, 15 %, 167.32 W, 51, 1965 MHz, 9501 MHz
2026/10/03 17:00:36.514, 0, 21006 MiB, 100 %, 179.89 W, 54, 1980 MHz, 9501 MHz
2026/10/03 17:00:36.514, 1, 21006 MiB, 17 %, 152.57 W, 51, 1695 MHz, 9501 MHz
2026/10/03 17:00:37.514, 0, 21006 MiB, 100 %, 180.00 W, 54, 1980 MHz, 9501 MHz
2026/10/03 17:00:37.515, 1, 21006 MiB, 16 %, 134.69 W, 50, 1695 MHz, 9501 MHz
2026/10/03 17:00:38.515, 0, 21006 MiB, 100 %, 180.07 W, 54, 1980 MHz, 9501 MHz
2026/10/03 17:00:38.515, 1, 21006 MiB, 16 %, 134.65 W, 50, 1695 MHz, 9501 MHz
2026/10/03 17:00:39.515, 0, 21006 MiB, 100 %, 180.24 W, 54, 1980 MHz, 9501 MHz
2026/10/03 17:00:39.515, 1, 21006 MiB, 16 %, 134.62 W, 50, 1695 MHz, 9501 MHz
2026/10/03 17:00:40.516, 0, 21006 MiB, 100 %, 180.21 W, 54, 1980 MHz, 9501 MHz
2026/10/03 17:00:40.516, 1, 21006 MiB, 16 %, 134.66 W, 50, 1695 MHz, 9501 MHz
2026/10/03 17:00:41.516, 0, 21006 MiB, 100 %, 179.51 W, 54, 1980 MHz, 9501 MHz
2026/10/03 17:00:41.517, 1, 21006 MiB, 16 %, 134.11 W, 50, 1695 MHz, 9501 MHz
2026/10/03 17:00:42.517, 0, 21006 MiB, 100 %, 179.35 W, 54, 1980 MHz, 9501 MHz
2026/10/03 17:00:42.517, 1, 21006 MiB, 16 %, 133.86 W, 50, 1695 MHz, 9501 MHz
2026/10/03 17:00:43.517, 0, 21006 MiB, 100 %, 179.53 W, 54, 1980 MHz, 9501 MHz
2026/10/03 17:00:43.518, 1, 21006 MiB, 15 %, 133.65 W, 50, 1695 MHz, 9501 MHz
2026/10/03 17:00:44.518, 0, 21006 MiB, 15 %, 207.71 W, 54, 1980 MHz, 9501 MHz
2026/10/03 17:00:44.518, 1, 21006 MiB, 100 %, 191.27 W, 51, 1965 MHz, 9501 MHz
2026/10/03 17:00:45.518, 0, 21006 MiB, 70 %, 166.40 W, 54, 1980 MHz, 9501 MHz
2026/10/03 17:00:45.518, 1, 21006 MiB, 22 %, 177.95 W, 51, 1965 MHz, 9501 MHz
2026/10/03 17:00:46.518, 0, 21006 MiB, 100 %, 178.42 W, 54, 1980 MHz, 9501 MHz
2026/10/03 17:00:46.519, 1, 21006 MiB, 14 %, 165.26 W, 51, 1965 MHz, 9501 MHz
2026/10/03 17:00:47.519, 0, 21006 MiB, 100 %, 179.14 W, 55, 1980 MHz, 9501 MHz
2026/10/03 17:00:47.519, 1, 21006 MiB, 16 %, 156.69 W, 50, 1695 MHz, 9501 MHz
2026/10/03 17:00:48.519, 0, 21006 MiB, 100 %, 179.32 W, 55, 1980 MHz, 9501 MHz
2026/10/03 17:00:48.519, 1, 21006 MiB, 16 %, 133.16 W, 50, 1695 MHz, 9501 MHz
2026/10/03 17:00:49.520, 0, 21006 MiB, 100 %, 179.42 W, 55, 1980 MHz, 9501 MHz
2026/10/03 17:00:49.520, 1, 21006 MiB, 15 %, 132.99 W, 50, 1695 MHz, 9501 MHz
2026/10/03 17:00:50.520, 0, 21006 MiB, 100 %, 179.40 W, 55, 1980 MHz, 9501 MHz
2026/10/03 17:00:50.520, 1, 21006 MiB, 15 %, 132.99 W, 49, 1695 MHz, 9501 MHz
2026/10/03 17:00:51.520, 0, 21006 MiB, 100 %, 180.04 W, 55, 1980 MHz, 9501 MHz
2026/10/03 17:00:51.521, 1, 21006 MiB, 15 %, 133.26 W, 49, 1695 MHz, 9501 MHz
2026/10/03 17:00:52.521, 0, 21006 MiB, 14 %, 172.33 W, 54, 1980 MHz, 9501 MHz
2026/10/03 17:00:52.521, 1, 21006 MiB, 100 %, 154.09 W, 51, 1965 MHz, 9501 MHz
2026/10/03 17:00:53.521, 0, 21006 MiB, 14 %, 165.26 W, 54, 1980 MHz, 9501 MHz
2026/10/03 17:00:53.522, 1, 21006 MiB, 100 %, 178.72 W, 51, 1965 MHz, 9501 MHz
2026/10/03 17:00:54.522, 0, 21006 MiB, 16 %, 141.36 W, 53, 1695 MHz, 9501 MHz
2026/10/03 17:00:54.522, 1, 21006 MiB, 100 %, 178.91 W, 51, 1965 MHz, 9501 MHz
2026/10/03 17:00:55.522, 0, 21006 MiB, 15 %, 131.87 W, 52, 1695 MHz, 9501 MHz
2026/10/03 17:00:55.522, 1, 21006 MiB, 100 %, 179.17 W, 51, 1965 MHz, 9501 MHz
2026/10/03 17:00:56.523, 0, 21006 MiB, 15 %, 131.39 W, 52, 1695 MHz, 9501 MHz
2026/10/03 17:00:56.523, 1, 21006 MiB, 100 %, 178.85 W, 51, 1965 MHz, 9501 MHz
2026/10/03 17:00:57.523, 0, 21006 MiB, 16 %, 131.63 W, 52, 1695 MHz, 9501 MHz
2026/10/03 17:00:57.523, 1, 21006 MiB, 100 %, 178.96 W, 51, 1965 MHz, 9501 MHz
2026/10/03 17:00:58.523, 0, 21006 MiB, 16 %, 131.84 W, 52, 1695 MHz, 9501 MHz
2026/10/03 17:00:58.524, 1, 21006 MiB, 100 %, 179.55 W, 51, 1965 MHz, 9501 MHz
2026/10/03 17:00:59.524, 0, 21006 MiB, 100 %, 140.24 W, 53, 1980 MHz, 9501 MHz
2026/10/03 17:00:59.524, 1, 21006 MiB, 100 %, 191.37 W, 52, 1965 MHz, 9501 MHz
2026/10/03 17:01:00.524, 0, 21006 MiB, 15 %, 189.55 W, 54, 1980 MHz, 9501 MHz
2026/10/03 17:01:00.524, 1, 21006 MiB, 100 %, 204.73 W, 52, 1965 MHz, 9501 MHz
2026/10/03 17:01:01.525, 0, 21006 MiB, 100 %, 174.99 W, 54, 1980 MHz, 9501 MHz
2026/10/03 17:01:01.525, 1, 21006 MiB, 15 %, 172.96 W, 51, 1965 MHz, 9501 MHz
2026/10/03 17:01:02.525, 0, 21006 MiB, 100 %, 181.09 W, 55, 1980 MHz, 9501 MHz
2026/10/03 17:01:02.525, 1, 21006 MiB, 16 %, 167.03 W, 51, 1965 MHz, 9501 MHz
2026/10/03 17:01:03.525, 0, 21006 MiB, 100 %, 181.55 W, 55, 1980 MHz, 9501 MHz
2026/10/03 17:01:03.525, 1, 21006 MiB, 17 %, 147.47 W, 50, 1695 MHz, 9501 MHz
2026/10/03 17:01:04.525, 0, 21006 MiB, 100 %, 181.93 W, 55, 1980 MHz, 9501 MHz
2026/10/03 17:01:04.526, 1, 21006 MiB, 17 %, 135.22 W, 50, 1695 MHz, 9501 MHz
2026/10/03 17:01:05.526, 0, 21006 MiB, 100 %, 181.44 W, 55, 1980 MHz, 9501 MHz
2026/10/03 17:01:05.526, 1, 21006 MiB, 16 %, 134.71 W, 50, 1695 MHz, 9501 MHz
2026/10/03 17:01:06.526, 0, 21006 MiB, 100 %, 181.20 W, 55, 1980 MHz, 9501 MHz
2026/10/03 17:01:06.526, 1, 21006 MiB, 16 %, 134.60 W, 50, 1695 MHz, 9501 MHz
2026/10/03 17:01:07.526, 0, 21006 MiB, 100 %, 181.44 W, 55, 1980 MHz, 9501 MHz
2026/10/03 17:01:07.526, 1, 21006 MiB, 16 %, 134.70 W, 50, 1695 MHz, 9501 MHz
2026/10/03 17:01:08.527, 0, 21006 MiB, 100 %, 181.40 W, 55, 1980 MHz, 9501 MHz
2026/10/03 17:01:08.527, 1, 21006 MiB, 17 %, 134.30 W, 50, 1695 MHz, 9501 MHz
2026/10/03 17:01:09.527, 0, 21006 MiB, 100 %, 181.80 W, 55, 1980 MHz, 9501 MHz
2026/10/03 17:01:09.527, 1, 21006 MiB, 16 %, 134.63 W, 50, 1695 MHz, 9501 MHz
2026/10/03 17:01:10.527, 0, 21006 MiB, 100 %, 181.80 W, 55, 1980 MHz, 9501 MHz
2026/10/03 17:01:10.527, 1, 21006 MiB, 17 %, 135.01 W, 49, 1695 MHz, 9501 MHz
2026/10/03 17:01:11.527, 0, 21006 MiB, 100 %, 182.59 W, 55, 1980 MHz, 9501 MHz
2026/10/03 17:01:11.527, 1, 21006 MiB, 17 %, 135.26 W, 49, 1695 MHz, 9501 MHz
2026/10/03 17:01:12.528, 0, 21006 MiB, 100 %, 182.66 W, 55, 1980 MHz, 9501 MHz
2026/10/03 17:01:12.528, 1, 21006 MiB, 17 %, 135.07 W, 49, 1695 MHz, 9501 MHz
2026/10/03 17:01:13.528, 0, 21006 MiB, 100 %, 182.21 W, 55, 1980 MHz, 9501 MHz
2026/10/03 17:01:13.528, 1, 21006 MiB, 16 %, 134.53 W, 49, 1695 MHz, 9501 MHz
2026/10/03 17:01:14.528, 0, 21006 MiB, 100 %, 182.07 W, 55, 1980 MHz, 9501 MHz
2026/10/03 17:01:14.528, 1, 21006 MiB, 16 %, 134.18 W, 49, 1695 MHz, 9501 MHz
2026/10/03 17:01:15.529, 0, 21006 MiB, 15 %, 209.51 W, 55, 1980 MHz, 9501 MHz
2026/10/03 17:01:15.529, 1, 21006 MiB, 100 %, 195.80 W, 51, 1965 MHz, 9501 MHz
2026/10/03 17:01:16.529, 0, 21006 MiB, 15 %, 167.16 W, 55, 1980 MHz, 9501 MHz
2026/10/03 17:01:16.529, 1, 21006 MiB, 100 %, 179.68 W, 51, 1965 MHz, 9501 MHz
2026/10/03 17:01:17.529, 0, 21006 MiB, 100 %, 164.04 W, 55, 1980 MHz, 9501 MHz
2026/10/03 17:01:17.530, 1, 21006 MiB, 14 %, 173.38 W, 50, 1965 MHz, 9501 MHz
2026/10/03 17:01:18.530, 0, 21006 MiB, 100 %, 180.48 W, 56, 1980 MHz, 9501 MHz
2026/10/03 17:01:18.530, 1, 21006 MiB, 14 %, 165.33 W, 51, 1965 MHz, 9501 MHz
2026/10/03 17:01:19.530, 0, 21006 MiB, 100 %, 180.92 W, 56, 1980 MHz, 9501 MHz
2026/10/03 17:01:19.530, 1, 21006 MiB, 15 %, 148.31 W, 50, 1695 MHz, 9501 MHz
2026/10/03 17:01:20.530, 0, 21006 MiB, 100 %, 180.90 W, 56, 1980 MHz, 9501 MHz
2026/10/03 17:01:20.531, 1, 21006 MiB, 17 %, 133.44 W, 49, 1695 MHz, 9501 MHz
2026/10/03 17:01:21.531, 0, 21006 MiB, 100 %, 180.96 W, 56, 1980 MHz, 9501 MHz
2026/10/03 17:01:21.531, 1, 21006 MiB, 15 %, 133.73 W, 49, 1695 MHz, 9501 MHz
2026/10/03 17:01:22.531, 0, 21006 MiB, 100 %, 180.88 W, 56, 1980 MHz, 9501 MHz
2026/10/03 17:01:22.531, 1, 21006 MiB, 16 %, 133.38 W, 49, 1695 MHz, 9501 MHz
2026/10/03 17:01:23.531, 0, 21006 MiB, 100 %, 180.90 W, 56, 1980 MHz, 9501 MHz
2026/10/03 17:01:23.531, 1, 21006 MiB, 16 %, 133.26 W, 49, 1695 MHz, 9501 MHz
2026/10/03 17:01:24.532, 0, 21006 MiB, 100 %, 181.05 W, 56, 1980 MHz, 9501 MHz
2026/10/03 17:01:24.532, 1, 21006 MiB, 16 %, 133.52 W, 49, 1695 MHz, 9501 MHz
2026/10/03 17:01:25.532, 0, 21006 MiB, 100 %, 180.92 W, 56, 1980 MHz, 9501 MHz
2026/10/03 17:01:25.532, 1, 21006 MiB, 16 %, 133.26 W, 49, 1695 MHz, 9501 MHz
2026/10/03 17:01:26.532, 0, 21006 MiB, 100 %, 181.29 W, 56, 1980 MHz, 9501 MHz
2026/10/03 17:01:26.532, 1, 21006 MiB, 17 %, 133.31 W, 49, 1695 MHz, 9501 MHz
2026/10/03 17:01:27.532, 0, 21006 MiB, 100 %, 181.41 W, 56, 1980 MHz, 9501 MHz
2026/10/03 17:01:27.533, 1, 21006 MiB, 16 %, 133.71 W, 49, 1695 MHz, 9501 MHz
2026/10/03 17:01:28.533, 0, 21006 MiB, 100 %, 181.87 W, 56, 1980 MHz, 9501 MHz
2026/10/03 17:01:28.533, 1, 21006 MiB, 17 %, 133.61 W, 49, 1695 MHz, 9501 MHz
2026/10/03 17:01:29.533, 0, 21006 MiB, 100 %, 181.40 W, 56, 1980 MHz, 9501 MHz
2026/10/03 17:01:29.533, 1, 21006 MiB, 17 %, 133.02 W, 49, 1695 MHz, 9501 MHz
2026/10/03 17:01:30.534, 0, 21006 MiB, 100 %, 205.71 W, 58, 1980 MHz, 9501 MHz
2026/10/03 17:01:30.534, 1, 21006 MiB, 100 %, 176.59 W, 51, 1965 MHz, 9501 MHz
2026/10/03 17:01:31.534, 0, 21006 MiB, 100 %, 190.21 W, 56, 1980 MHz, 9501 MHz
2026/10/03 17:01:31.534, 1, 21006 MiB, 15 %, 179.37 W, 50, 1965 MHz, 9501 MHz
2026/10/03 17:01:32.534, 0, 21006 MiB, 100 %, 182.37 W, 56, 1980 MHz, 9501 MHz
2026/10/03 17:01:32.535, 1, 21006 MiB, 16 %, 166.43 W, 50, 1965 MHz, 9501 MHz
2026/10/03 17:01:33.535, 0, 21006 MiB, 100 %, 182.53 W, 56, 1980 MHz, 9501 MHz
2026/10/03 17:01:33.535, 1, 21006 MiB, 16 %, 143.66 W, 49, 1695 MHz, 9501 MHz
2026/10/03 17:01:34.535, 0, 21006 MiB, 100 %, 182.41 W, 56, 1980 MHz, 9501 MHz
2026/10/03 17:01:34.535, 1, 21006 MiB, 17 %, 134.17 W, 49, 1695 MHz, 9501 MHz
2026/10/03 17:01:35.535, 0, 21006 MiB, 100 %, 181.80 W, 56, 1980 MHz, 9501 MHz
2026/10/03 17:01:35.535, 1, 21006 MiB, 16 %, 133.88 W, 49, 1695 MHz, 9501 MHz
2026/10/03 17:01:36.536, 0, 21006 MiB, 100 %, 181.50 W, 56, 1980 MHz, 9501 MHz
2026/10/03 17:01:36.536, 1, 21006 MiB, 16 %, 133.66 W, 49, 1695 MHz, 9501 MHz
2026/10/03 17:01:37.536, 0, 21006 MiB, 100 %, 181.56 W, 56, 1980 MHz, 9501 MHz
2026/10/03 17:01:37.536, 1, 21006 MiB, 16 %, 133.56 W, 49, 1695 MHz, 9501 MHz
2026/10/03 17:01:38.536, 0, 21006 MiB, 100 %, 182.14 W, 56, 1980 MHz, 9501 MHz
2026/10/03 17:01:38.536, 1, 21006 MiB, 17 %, 133.87 W, 49, 1695 MHz, 9501 MHz
2026/10/03 17:01:39.537, 0, 21006 MiB, 100 %, 182.05 W, 57, 1980 MHz, 9501 MHz
2026/10/03 17:01:39.537, 1, 21006 MiB, 17 %, 133.83 W, 49, 1695 MHz, 9501 MHz
2026/10/03 17:01:40.537, 0, 21006 MiB, 100 %, 182.07 W, 57, 1980 MHz, 9501 MHz
2026/10/03 17:01:40.537, 1, 21006 MiB, 17 %, 134.26 W, 49, 1695 MHz, 9501 MHz
2026/10/03 17:01:41.537, 0, 21006 MiB, 100 %, 181.87 W, 57, 1980 MHz, 9501 MHz
2026/10/03 17:01:41.538, 1, 21006 MiB, 16 %, 133.85 W, 49, 1695 MHz, 9501 MHz
2026/10/03 17:01:42.538, 0, 21006 MiB, 100 %, 181.88 W, 57, 1980 MHz, 9501 MHz
2026/10/03 17:01:42.538, 1, 21006 MiB, 17 %, 133.82 W, 49, 1695 MHz, 9501 MHz
2026/10/03 17:01:43.538, 0, 21006 MiB, 100 %, 181.98 W, 57, 1980 MHz, 9501 MHz
2026/10/03 17:01:43.539, 1, 21006 MiB, 17 %, 133.84 W, 49, 1695 MHz, 9501 MHz
2026/10/03 17:01:44.539, 0, 21006 MiB, 100 %, 182.37 W, 57, 1980 MHz, 9501 MHz
2026/10/03 17:01:44.539, 1, 21006 MiB, 16 %, 134.01 W, 49, 1695 MHz, 9501 MHz
2026/10/03 17:01:45.539, 0, 21006 MiB, 100 %, 200.06 W, 58, 1980 MHz, 9501 MHz
2026/10/03 17:01:45.539, 1, 21006 MiB, 100 %, 156.20 W, 51, 1965 MHz, 9501 MHz
2026/10/03 17:01:46.540, 0, 21006 MiB, 15 %, 191.59 W, 57, 1980 MHz, 9501 MHz
2026/10/03 17:01:46.540, 1, 21006 MiB, 100 %, 197.40 W, 50, 1965 MHz, 9501 MHz
2026/10/03 17:01:47.540, 0, 21006 MiB, 14 %, 167.92 W, 56, 1980 MHz, 9501 MHz
2026/10/03 17:01:47.540, 1, 21006 MiB, 100 %, 178.66 W, 50, 1965 MHz, 9501 MHz
2026/10/03 17:01:48.540, 0, 21006 MiB, 16 %, 139.81 W, 55, 1695 MHz, 9501 MHz
2026/10/03 17:01:48.540, 1, 21006 MiB, 100 %, 178.47 W, 50, 1965 MHz, 9501 MHz
2026/10/03 17:01:49.541, 0, 21006 MiB, 16 %, 133.04 W, 55, 1695 MHz, 9501 MHz
2026/10/03 17:01:49.541, 1, 21006 MiB, 100 %, 178.82 W, 50, 1965 MHz, 9501 MHz
2026/10/03 17:01:50.541, 0, 21006 MiB, 100 %, 146.60 W, 56, 1980 MHz, 9501 MHz
2026/10/03 17:01:50.541, 1, 21006 MiB, 15 %, 172.14 W, 50, 1965 MHz, 9501 MHz
2026/10/03 17:01:51.541, 0, 21006 MiB, 100 %, 181.45 W, 57, 1980 MHz, 9501 MHz
2026/10/03 17:01:51.541, 1, 21006 MiB, 15 %, 165.20 W, 50, 1965 MHz, 9501 MHz
2026/10/03 17:01:52.542, 0, 21006 MiB, 100 %, 181.75 W, 57, 1980 MHz, 9501 MHz
2026/10/03 17:01:52.542, 1, 21006 MiB, 16 %, 148.28 W, 49, 1695 MHz, 9501 MHz
2026/10/03 17:01:53.542, 0, 21006 MiB, 100 %, 181.63 W, 57, 1980 MHz, 9501 MHz
2026/10/03 17:01:53.542, 1, 21006 MiB, 16 %, 133.10 W, 49, 1695 MHz, 9501 MHz
2026/10/03 17:01:54.542, 0, 21006 MiB, 100 %, 181.24 W, 57, 1980 MHz, 9501 MHz
2026/10/03 17:01:54.543, 1, 21006 MiB, 16 %, 132.79 W, 49, 1695 MHz, 9501 MHz
2026/10/03 17:01:55.543, 0, 21006 MiB, 100 %, 181.67 W, 57, 1980 MHz, 9501 MHz
2026/10/03 17:01:55.543, 1, 21006 MiB, 16 %, 132.74 W, 49, 1695 MHz, 9501 MHz
2026/10/03 17:01:56.543, 0, 21006 MiB, 100 %, 182.17 W, 57, 1980 MHz, 9501 MHz
2026/10/03 17:01:56.543, 1, 21006 MiB, 16 %, 133.15 W, 49, 1695 MHz, 9501 MHz
2026/10/03 17:01:57.543, 0, 21006 MiB, 100 %, 181.83 W, 57, 1980 MHz, 9501 MHz
2026/10/03 17:01:57.544, 1, 21006 MiB, 15 %, 132.83 W, 49, 1695 MHz, 9501 MHz
2026/10/03 17:01:58.544, 0, 21006 MiB, 100 %, 181.64 W, 57, 1980 MHz, 9501 MHz
2026/10/03 17:01:58.544, 1, 21006 MiB, 15 %, 132.59 W, 49, 1695 MHz, 9501 MHz
2026/10/03 17:01:59.544, 0, 21006 MiB, 100 %, 181.53 W, 57, 1980 MHz, 9501 MHz
2026/10/03 17:01:59.545, 1, 21006 MiB, 16 %, 132.59 W, 49, 1695 MHz, 9501 MHz
2026/10/03 17:02:00.545, 0, 21006 MiB, 100 %, 181.46 W, 57, 1980 MHz, 9501 MHz
2026/10/03 17:02:00.545, 1, 21006 MiB, 14 %, 132.30 W, 49, 1695 MHz, 9501 MHz
2026/10/03 17:02:01.545, 0, 21006 MiB, 15 %, 209.51 W, 57, 1980 MHz, 9501 MHz
2026/10/03 17:02:01.545, 1, 21006 MiB, 100 %, 194.71 W, 51, 1965 MHz, 9501 MHz
2026/10/03 17:02:02.546, 0, 21006 MiB, 16 %, 170.18 W, 57, 1980 MHz, 9501 MHz
2026/10/03 17:02:02.546, 1, 21006 MiB, 100 %, 180.14 W, 50, 1965 MHz, 9501 MHz
2026/10/03 17:02:03.546, 0, 21006 MiB, 16 %, 154.20 W, 56, 1695 MHz, 9501 MHz
2026/10/03 17:02:03.546, 1, 21006 MiB, 100 %, 180.22 W, 51, 1965 MHz, 9501 MHz
2026/10/03 17:02:04.546, 0, 21006 MiB, 17 %, 134.72 W, 55, 1695 MHz, 9501 MHz
2026/10/03 17:02:04.546, 1, 21006 MiB, 100 %, 180.63 W, 51, 1965 MHz, 9501 MHz
2026/10/03 17:02:05.546, 0, 21006 MiB, 17 %, 134.52 W, 55, 1695 MHz, 9501 MHz
2026/10/03 17:02:05.547, 1, 21006 MiB, 100 %, 180.62 W, 51, 1965 MHz, 9501 MHz
2026/10/03 17:02:06.547, 0, 21006 MiB, 16 %, 134.32 W, 55, 1695 MHz, 9501 MHz
2026/10/03 17:02:06.547, 1, 21006 MiB, 100 %, 180.68 W, 51, 1965 MHz, 9501 MHz
2026/10/03 17:02:07.547, 0, 21006 MiB, 17 %, 134.28 W, 55, 1695 MHz, 9501 MHz
2026/10/03 17:02:07.547, 1, 21006 MiB, 100 %, 180.92 W, 51, 1965 MHz, 9501 MHz
2026/10/03 17:02:08.547, 0, 21006 MiB, 100 %, 139.42 W, 55, 1980 MHz, 9501 MHz
2026/10/03 17:02:08.548, 1, 21006 MiB, 15 %, 176.85 W, 51, 1965 MHz, 9501 MHz
2026/10/03 17:02:09.548, 0, 21006 MiB, 100 %, 182.57 W, 57, 1980 MHz, 9501 MHz
2026/10/03 17:02:09.548, 1, 21006 MiB, 15 %, 166.91 W, 51, 1965 MHz, 9501 MHz
2026/10/03 17:02:10.548, 0, 21006 MiB, 100 %, 183.58 W, 57, 1980 MHz, 9501 MHz
2026/10/03 17:02:10.548, 1, 21006 MiB, 16 %, 155.47 W, 50, 1695 MHz, 9501 MHz
2026/10/03 17:02:11.548, 0, 21006 MiB, 100 %, 183.83 W, 57, 1980 MHz, 9501 MHz
2026/10/03 17:02:11.548, 1, 21006 MiB, 16 %, 134.46 W, 50, 1695 MHz, 9501 MHz
2026/10/03 17:02:12.549, 0, 21006 MiB, 100 %, 184.25 W, 57, 1980 MHz, 9501 MHz
2026/10/03 17:02:12.549, 1, 21006 MiB, 17 %, 134.68 W, 50, 1695 MHz, 9501 MHz
2026/10/03 17:02:13.549, 0, 21006 MiB, 100 %, 184.30 W, 57, 1980 MHz, 9501 MHz
2026/10/03 17:02:13.549, 1, 21006 MiB, 16 %, 134.62 W, 50, 1695 MHz, 9501 MHz
2026/10/03 17:02:14.549, 0, 21006 MiB, 100 %, 184.11 W, 57, 1980 MHz, 9501 MHz
2026/10/03 17:02:14.550, 1, 21006 MiB, 16 %, 134.43 W, 50, 1695 MHz, 9501 MHz
2026/10/03 17:02:15.550, 0, 21006 MiB, 100 %, 184.16 W, 57, 1980 MHz, 9501 MHz
2026/10/03 17:02:15.550, 1, 21006 MiB, 16 %, 134.26 W, 49, 1695 MHz, 9501 MHz
2026/10/03 17:02:16.550, 0, 21006 MiB, 47 %, 214.30 W, 60, 1980 MHz, 9501 MHz
2026/10/03 17:02:16.550, 1, 21006 MiB, 100 %, 178.03 W, 52, 1965 MHz, 9501 MHz
2026/10/03 17:02:17.550, 0, 21006 MiB, 14 %, 170.37 W, 57, 1980 MHz, 9501 MHz
2026/10/03 17:02:17.551, 1, 21006 MiB, 100 %, 181.35 W, 51, 1965 MHz, 9501 MHz
2026/10/03 17:02:18.551, 0, 21006 MiB, 16 %, 157.48 W, 56, 1695 MHz, 9501 MHz
2026/10/03 17:02:18.551, 1, 21006 MiB, 100 %, 177.74 W, 51, 1965 MHz, 9501 MHz
2026/10/03 17:02:19.551, 0, 21006 MiB, 15 %, 132.91 W, 55, 1695 MHz, 9501 MHz
2026/10/03 17:02:19.552, 1, 21006 MiB, 100 %, 177.95 W, 51, 1965 MHz, 9501 MHz
2026/10/03 17:02:20.552, 0, 21006 MiB, 15 %, 132.70 W, 55, 1695 MHz, 9501 MHz
2026/10/03 17:02:20.552, 1, 21006 MiB, 100 %, 177.82 W, 51, 1965 MHz, 9501 MHz
2026/10/03 17:02:21.552, 0, 21006 MiB, 15 %, 132.38 W, 55, 1695 MHz, 9501 MHz
2026/10/03 17:02:21.552, 1, 21006 MiB, 100 %, 177.70 W, 51, 1965 MHz, 9501 MHz
2026/10/03 17:02:22.553, 0, 21006 MiB, 14 %, 132.14 W, 55, 1695 MHz, 9501 MHz
2026/10/03 17:02:22.553, 1, 21006 MiB, 100 %, 177.44 W, 51, 1965 MHz, 9501 MHz
2026/10/03 17:02:23.553, 0, 21006 MiB, 15 %, 132.08 W, 54, 1695 MHz, 9501 MHz
2026/10/03 17:02:23.553, 1, 21006 MiB, 100 %, 177.39 W, 51, 1965 MHz, 9501 MHz
2026/10/03 17:02:24.553, 0, 21006 MiB, 15 %, 132.07 W, 54, 1695 MHz, 9501 MHz
2026/10/03 17:02:24.554, 1, 21006 MiB, 100 %, 177.83 W, 51, 1965 MHz, 9501 MHz
2026/10/03 17:02:25.554, 0, 21006 MiB, 15 %, 131.90 W, 54, 1695 MHz, 9501 MHz
2026/10/03 17:02:25.554, 1, 21006 MiB, 100 %, 177.62 W, 52, 1965 MHz, 9501 MHz
2026/10/03 17:02:26.554, 0, 21006 MiB, 15 %, 131.98 W, 54, 1695 MHz, 9501 MHz
2026/10/03 17:02:26.555, 1, 21006 MiB, 100 %, 177.99 W, 52, 1965 MHz, 9501 MHz
2026/10/03 17:02:27.555, 0, 21006 MiB, 15 %, 131.99 W, 54, 1695 MHz, 9501 MHz
2026/10/03 17:02:27.555, 1, 21006 MiB, 100 %, 178.13 W, 52, 1965 MHz, 9501 MHz
2026/10/03 17:02:28.555, 0, 21006 MiB, 16 %, 132.10 W, 54, 1695 MHz, 9501 MHz
2026/10/03 17:02:28.555, 1, 21006 MiB, 100 %, 178.42 W, 52, 1965 MHz, 9501 MHz
2026/10/03 17:02:29.556, 0, 21006 MiB, 14 %, 142.03 W, 55, 1980 MHz, 9501 MHz
2026/10/03 17:02:29.556, 1, 21006 MiB, 100 %, 174.85 W, 52, 1965 MHz, 9501 MHz
2026/10/03 17:02:30.556, 0, 21006 MiB, 14 %, 165.44 W, 55, 1980 MHz, 9501 MHz
2026/10/03 17:02:30.556, 1, 21006 MiB, 100 %, 178.22 W, 52, 1965 MHz, 9501 MHz
2026/10/03 17:02:31.556, 0, 21006 MiB, 0 %, 153.32 W, 54, 1695 MHz, 9501 MHz
2026/10/03 17:02:31.557, 1, 21006 MiB, 0 %, 169.46 W, 51, 1965 MHz, 9501 MHz
2026/10/03 17:02:32.557, 0, 21006 MiB, 0 %, 129.12 W, 54, 1695 MHz, 9501 MHz
2026/10/03 17:02:32.557, 1, 21006 MiB, 0 %, 152.76 W, 51, 1965 MHz, 9501 MHz
2026/10/03 17:02:33.560, 0, 21006 MiB, 0 %, 120.67 W, 53, 1695 MHz, 9501 MHz
2026/10/03 17:02:33.560, 1, 21006 MiB, 0 %, 147.60 W, 51, 1695 MHz, 9501 MHz
2026/10/03 17:02:34.565, 0, 21006 MiB, 0 %, 120.61 W, 53, 1695 MHz, 9501 MHz
2026/10/03 17:02:34.565, 1, 21006 MiB, 0 %, 134.38 W, 50, 1695 MHz, 9501 MHz
2026/10/03 17:02:35.568, 0, 21006 MiB, 0 %, 120.63 W, 53, 1695 MHz, 9501 MHz
2026/10/03 17:02:35.569, 1, 21006 MiB, 0 %, 120.92 W, 50, 1695 MHz, 9501 MHz
2026/10/03 17:02:36.573, 0, 21006 MiB, 0 %, 120.61 W, 53, 1695 MHz, 9501 MHz
2026/10/03 17:02:36.573, 1, 21006 MiB, 0 %, 120.48 W, 50, 1695 MHz, 9501 MHz
2026/10/03 17:02:37.577, 0, 21006 MiB, 0 %, 120.49 W, 53, 1695 MHz, 9501 MHz
2026/10/03 17:02:37.577, 1, 21006 MiB, 0 %, 120.19 W, 50, 1695 MHz, 9501 MHz
2026/10/03 17:02:38.580, 0, 21006 MiB, 0 %, 120.36 W, 53, 1695 MHz, 9501 MHz
2026/10/03 17:02:38.581, 1, 21006 MiB, 0 %, 120.24 W, 50, 1695 MHz, 9501 MHz
2026/10/03 17:02:39.584, 0, 21006 MiB, 0 %, 120.31 W, 53, 1695 MHz, 9501 MHz
2026/10/03 17:02:39.584, 1, 21006 MiB, 0 %, 120.32 W, 50, 1695 MHz, 9501 MHz
2026/10/03 17:02:40.588, 0, 21006 MiB, 0 %, 120.23 W, 53, 1695 MHz, 9501 MHz
2026/10/03 17:02:40.588, 1, 21006 MiB, 0 %, 120.17 W, 49, 1695 MHz, 9501 MHz
2026/10/03 17:02:41.592, 0, 21006 MiB, 12 %, 145.55 W, 54, 1980 MHz, 9501 MHz
2026/10/03 17:02:41.592, 1, 21006 MiB, 100 %, 154.26 W, 51, 1965 MHz, 9501 MHz
2026/10/03 17:02:42.595, 0, 21006 MiB, 12 %, 162.10 W, 54, 1980 MHz, 9501 MHz
2026/10/03 17:02:42.596, 1, 21006 MiB, 100 %, 174.60 W, 51, 1965 MHz, 9501 MHz
2026/10/03 17:02:43.599, 0, 21006 MiB, 13 %, 141.71 W, 53, 1695 MHz, 9501 MHz
2026/10/03 17:02:43.599, 1, 21006 MiB, 100 %, 174.48 W, 51, 1965 MHz, 9501 MHz
2026/10/03 17:02:44.602, 0, 21006 MiB, 13 %, 129.43 W, 53, 1695 MHz, 9501 MHz
2026/10/03 17:02:44.603, 1, 21006 MiB, 100 %, 174.60 W, 51, 1965 MHz, 9501 MHz
2026/10/03 17:02:45.607, 0, 21006 MiB, 13 %, 129.32 W, 53, 1695 MHz, 9501 MHz
2026/10/03 17:02:45.607, 1, 21006 MiB, 100 %, 174.59 W, 51, 1965 MHz, 9501 MHz
2026/10/03 17:02:46.611, 0, 21006 MiB, 13 %, 129.24 W, 53, 1695 MHz, 9501 MHz
2026/10/03 17:02:46.611, 1, 21006 MiB, 100 %, 174.83 W, 51, 1965 MHz, 9501 MHz
2026/10/03 17:02:47.614, 0, 21006 MiB, 13 %, 129.16 W, 52, 1695 MHz, 9501 MHz
2026/10/03 17:02:47.614, 1, 21006 MiB, 100 %, 174.68 W, 51, 1965 MHz, 9501 MHz
2026/10/03 17:02:48.617, 0, 21006 MiB, 13 %, 129.32 W, 53, 1695 MHz, 9501 MHz
2026/10/03 17:02:48.617, 1, 21006 MiB, 100 %, 174.92 W, 52, 1965 MHz, 9501 MHz
2026/10/03 17:02:49.621, 0, 21006 MiB, 14 %, 129.54 W, 52, 1695 MHz, 9501 MHz
2026/10/03 17:02:49.621, 1, 21006 MiB, 100 %, 175.33 W, 52, 1965 MHz, 9501 MHz
2026/10/03 17:02:50.623, 0, 21006 MiB, 13 %, 129.26 W, 52, 1695 MHz, 9501 MHz
2026/10/03 17:02:50.624, 1, 21006 MiB, 100 %, 175.08 W, 52, 1965 MHz, 9501 MHz
2026/10/03 17:02:51.626, 0, 21006 MiB, 100 %, 150.61 W, 54, 1980 MHz, 9501 MHz
2026/10/03 17:02:51.626, 1, 21006 MiB, 12 %, 165.92 W, 51, 1965 MHz, 9501 MHz
2026/10/03 17:02:52.629, 0, 21006 MiB, 100 %, 175.09 W, 55, 1980 MHz, 9501 MHz
2026/10/03 17:02:52.629, 1, 21006 MiB, 12 %, 161.62 W, 51, 1695 MHz, 9501 MHz
2026/10/03 17:02:53.631, 0, 21006 MiB, 100 %, 175.26 W, 55, 1980 MHz, 9501 MHz
2026/10/03 17:02:53.631, 1, 21006 MiB, 13 %, 134.20 W, 50, 1695 MHz, 9501 MHz
2026/10/03 17:02:54.634, 0, 21006 MiB, 100 %, 175.35 W, 55, 1980 MHz, 9501 MHz
2026/10/03 17:02:54.634, 1, 21006 MiB, 13 %, 130.98 W, 50, 1695 MHz, 9501 MHz
2026/10/03 17:02:55.637, 0, 21006 MiB, 100 %, 175.50 W, 55, 1980 MHz, 9501 MHz
2026/10/03 17:02:55.637, 1, 21006 MiB, 13 %, 131.01 W, 50, 1695 MHz, 9501 MHz
2026/10/03 17:02:56.639, 0, 21006 MiB, 12 %, 185.80 W, 55, 1980 MHz, 9501 MHz
2026/10/03 17:02:56.639, 1, 21006 MiB, 100 %, 168.20 W, 51, 1965 MHz, 9501 MHz
2026/10/03 17:02:57.642, 0, 21006 MiB, 12 %, 162.40 W, 54, 1980 MHz, 9501 MHz
2026/10/03 17:02:57.642, 1, 21006 MiB, 100 %, 174.93 W, 51, 1965 MHz, 9501 MHz
2026/10/03 17:02:58.644, 0, 21006 MiB, 14 %, 147.57 W, 53, 1695 MHz, 9501 MHz
2026/10/03 17:02:58.645, 1, 21006 MiB, 100 %, 174.94 W, 52, 1965 MHz, 9501 MHz
2026/10/03 17:02:59.647, 0, 21006 MiB, 13 %, 129.24 W, 53, 1695 MHz, 9501 MHz
2026/10/03 17:02:59.647, 1, 21006 MiB, 100 %, 174.95 W, 52, 1965 MHz, 9501 MHz
2026/10/03 17:03:00.649, 0, 21006 MiB, 14 %, 129.43 W, 53, 1695 MHz, 9501 MHz
2026/10/03 17:03:00.650, 1, 21006 MiB, 100 %, 174.91 W, 52, 1965 MHz, 9501 MHz
2026/10/03 17:03:01.652, 0, 21006 MiB, 13 %, 129.43 W, 53, 1695 MHz, 9501 MHz
2026/10/03 17:03:01.652, 1, 21006 MiB, 100 %, 175.22 W, 52, 1965 MHz, 9501 MHz
2026/10/03 17:03:02.654, 0, 21006 MiB, 14 %, 129.28 W, 52, 1695 MHz, 9501 MHz
2026/10/03 17:03:02.655, 1, 21006 MiB, 100 %, 175.34 W, 52, 1965 MHz, 9501 MHz
2026/10/03 17:03:03.657, 0, 21006 MiB, 14 %, 129.12 W, 52, 1695 MHz, 9501 MHz
2026/10/03 17:03:03.657, 1, 21006 MiB, 100 %, 175.36 W, 52, 1965 MHz, 9501 MHz
2026/10/03 17:03:04.660, 0, 21006 MiB, 13 %, 128.88 W, 52, 1695 MHz, 9501 MHz
2026/10/03 17:03:04.663, 1, 21006 MiB, 100 %, 175.41 W, 52, 1965 MHz, 9501 MHz
2026/10/03 17:03:05.665, 0, 21006 MiB, 14 %, 129.05 W, 52, 1695 MHz, 9501 MHz
2026/10/03 17:03:05.666, 1, 21006 MiB, 100 %, 175.44 W, 52, 1965 MHz, 9501 MHz
2026/10/03 17:03:06.668, 0, 21006 MiB, 14 %, 129.14 W, 52, 1695 MHz, 9501 MHz
2026/10/03 17:03:06.668, 1, 21006 MiB, 100 %, 175.56 W, 52, 1965 MHz, 9501 MHz
2026/10/03 17:03:07.670, 0, 21006 MiB, 100 %, 142.16 W, 54, 1980 MHz, 9501 MHz
2026/10/03 17:03:07.671, 1, 21006 MiB, 12 %, 169.14 W, 52, 1965 MHz, 9501 MHz
2026/10/03 17:03:08.673, 0, 21006 MiB, 100 %, 174.80 W, 54, 1980 MHz, 9501 MHz
2026/10/03 17:03:08.673, 1, 21006 MiB, 12 %, 161.78 W, 52, 1965 MHz, 9501 MHz
2026/10/03 17:03:09.675, 0, 21006 MiB, 100 %, 175.05 W, 54, 1980 MHz, 9501 MHz
2026/10/03 17:03:09.675, 1, 21006 MiB, 13 %, 145.59 W, 51, 1695 MHz, 9501 MHz
2026/10/03 17:03:10.676, 0, 21006 MiB, 100 %, 175.42 W, 55, 1980 MHz, 9501 MHz
2026/10/03 17:03:10.677, 1, 21006 MiB, 13 %, 131.36 W, 51, 1695 MHz, 9501 MHz
2026/10/03 17:03:11.678, 0, 21006 MiB, 100 %, 189.34 W, 55, 1980 MHz, 9501 MHz
2026/10/03 17:03:11.678, 1, 21006 MiB, 12 %, 160.76 W, 51, 1965 MHz, 9501 MHz
2026/10/03 17:03:12.680, 0, 21006 MiB, 100 %, 176.01 W, 55, 1980 MHz, 9501 MHz
2026/10/03 17:03:12.680, 1, 21006 MiB, 12 %, 162.17 W, 52, 1965 MHz, 9501 MHz
2026/10/03 17:03:13.681, 0, 21006 MiB, 100 %, 176.09 W, 55, 1980 MHz, 9501 MHz
2026/10/03 17:03:13.681, 1, 21006 MiB, 14 %, 145.90 W, 51, 1695 MHz, 9501 MHz
2026/10/03 17:03:14.683, 0, 21006 MiB, 100 %, 169.82 W, 55, 1980 MHz, 9501 MHz
2026/10/03 17:03:14.683, 1, 21006 MiB, 12 %, 152.93 W, 51, 1965 MHz, 9501 MHz
2026/10/03 17:03:15.684, 0, 21006 MiB, 100 %, 175.85 W, 55, 1980 MHz, 9501 MHz
2026/10/03 17:03:15.684, 1, 21006 MiB, 12 %, 162.07 W, 52, 1965 MHz, 9501 MHz
2026/10/03 17:03:16.686, 0, 21006 MiB, 100 %, 167.58 W, 55, 1980 MHz, 9501 MHz
2026/10/03 17:03:16.686, 1, 21006 MiB, 12 %, 169.52 W, 51, 1965 MHz, 9501 MHz
2026/10/03 17:03:17.687, 0, 21006 MiB, 100 %, 175.74 W, 55, 1980 MHz, 9501 MHz
2026/10/03 17:03:17.688, 1, 21006 MiB, 12 %, 161.86 W, 51, 1965 MHz, 9501 MHz
2026/10/03 17:03:18.689, 0, 21006 MiB, 100 %, 175.51 W, 55, 1980 MHz, 9501 MHz
2026/10/03 17:03:18.689, 1, 21006 MiB, 13 %, 150.73 W, 51, 1695 MHz, 9501 MHz
2026/10/03 17:03:19.691, 0, 21006 MiB, 100 %, 175.68 W, 55, 1980 MHz, 9501 MHz
2026/10/03 17:03:19.691, 1, 21006 MiB, 13 %, 130.71 W, 50, 1695 MHz, 9501 MHz
2026/10/03 17:03:20.692, 0, 21006 MiB, 100 %, 175.86 W, 55, 1980 MHz, 9501 MHz
2026/10/03 17:03:20.693, 1, 21006 MiB, 13 %, 130.79 W, 50, 1695 MHz, 9501 MHz
2026/10/03 17:03:21.694, 0, 21006 MiB, 100 %, 175.66 W, 55, 1980 MHz, 9501 MHz
2026/10/03 17:03:21.694, 1, 21006 MiB, 13 %, 130.74 W, 50, 1695 MHz, 9501 MHz
2026/10/03 17:03:22.696, 0, 21006 MiB, 100 %, 175.82 W, 55, 1980 MHz, 9501 MHz
2026/10/03 17:03:22.696, 1, 21006 MiB, 13 %, 130.75 W, 50, 1695 MHz, 9501 MHz
2026/10/03 17:03:23.697, 0, 21006 MiB, 100 %, 176.10 W, 55, 1980 MHz, 9501 MHz
2026/10/03 17:03:23.697, 1, 21006 MiB, 13 %, 130.69 W, 50, 1695 MHz, 9501 MHz
2026/10/03 17:03:24.699, 0, 21006 MiB, 100 %, 176.14 W, 55, 1980 MHz, 9501 MHz
2026/10/03 17:03:24.699, 1, 21006 MiB, 13 %, 130.96 W, 50, 1695 MHz, 9501 MHz
2026/10/03 17:03:25.700, 0, 21006 MiB, 100 %, 176.18 W, 55, 1980 MHz, 9501 MHz
2026/10/03 17:03:25.700, 1, 21006 MiB, 13 %, 130.82 W, 50, 1695 MHz, 9501 MHz
2026/10/03 17:03:26.702, 0, 21006 MiB, 12 %, 186.11 W, 55, 1980 MHz, 9501 MHz
2026/10/03 17:03:26.702, 1, 21006 MiB, 100 %, 168.42 W, 51, 1965 MHz, 9501 MHz
2026/10/03 17:03:27.703, 0, 21006 MiB, 12 %, 162.89 W, 55, 1980 MHz, 9501 MHz
2026/10/03 17:03:27.703, 1, 21006 MiB, 100 %, 174.63 W, 51, 1965 MHz, 9501 MHz
2026/10/03 17:03:28.704, 0, 21006 MiB, 14 %, 142.19 W, 53, 1695 MHz, 9501 MHz
2026/10/03 17:03:28.705, 1, 21006 MiB, 100 %, 174.65 W, 52, 1965 MHz, 9501 MHz
2026/10/03 17:03:29.706, 0, 21006 MiB, 14 %, 129.69 W, 53, 1695 MHz, 9501 MHz
2026/10/03 17:03:29.706, 1, 21006 MiB, 100 %, 174.64 W, 52, 1965 MHz, 9501 MHz
2026/10/03 17:03:30.707, 0, 21006 MiB, 14 %, 129.66 W, 53, 1695 MHz, 9501 MHz
2026/10/03 17:03:30.708, 1, 21006 MiB, 100 %, 174.63 W, 52, 1965 MHz, 9501 MHz
2026/10/03 17:03:31.709, 0, 21006 MiB, 13 %, 129.67 W, 53, 1695 MHz, 9501 MHz
2026/10/03 17:03:31.709, 1, 21006 MiB, 100 %, 175.19 W, 52, 1965 MHz, 9501 MHz
2026/10/03 17:03:32.711, 0, 21006 MiB, 13 %, 129.71 W, 53, 1695 MHz, 9501 MHz
2026/10/03 17:03:32.711, 1, 21006 MiB, 100 %, 175.12 W, 52, 1965 MHz, 9501 MHz
2026/10/03 17:03:33.712, 0, 21006 MiB, 13 %, 129.23 W, 53, 1695 MHz, 9501 MHz
2026/10/03 17:03:33.713, 1, 21006 MiB, 100 %, 174.88 W, 52, 1965 MHz, 9501 MHz
2026/10/03 17:03:34.714, 0, 21006 MiB, 13 %, 129.35 W, 53, 1695 MHz, 9501 MHz
2026/10/03 17:03:34.714, 1, 21006 MiB, 100 %, 175.01 W, 52, 1965 MHz, 9501 MHz
2026/10/03 17:03:35.716, 0, 21006 MiB, 13 %, 129.19 W, 53, 1695 MHz, 9501 MHz
2026/10/03 17:03:35.716, 1, 21006 MiB, 100 %, 175.13 W, 52, 1965 MHz, 9501 MHz
2026/10/03 17:03:36.717, 0, 21006 MiB, 13 %, 129.20 W, 53, 1695 MHz, 9501 MHz
2026/10/03 17:03:36.717, 1, 21006 MiB, 100 %, 175.07 W, 52, 1965 MHz, 9501 MHz
2026/10/03 17:03:37.719, 0, 21006 MiB, 13 %, 129.30 W, 52, 1695 MHz, 9501 MHz
2026/10/03 17:03:37.719, 1, 21006 MiB, 100 %, 175.14 W, 52, 1965 MHz, 9501 MHz
2026/10/03 17:03:38.720, 0, 21006 MiB, 13 %, 128.87 W, 52, 1695 MHz, 9501 MHz
2026/10/03 17:03:38.721, 1, 21006 MiB, 100 %, 175.08 W, 52, 1965 MHz, 9501 MHz
2026/10/03 17:03:39.722, 0, 21006 MiB, 13 %, 128.83 W, 52, 1695 MHz, 9501 MHz
2026/10/03 17:03:39.722, 1, 21006 MiB, 100 %, 175.23 W, 52, 1965 MHz, 9501 MHz
2026/10/03 17:03:40.724, 0, 21006 MiB, 13 %, 128.84 W, 52, 1695 MHz, 9501 MHz
2026/10/03 17:03:40.724, 1, 21006 MiB, 100 %, 175.31 W, 52, 1965 MHz, 9501 MHz
2026/10/03 17:03:41.725, 0, 21006 MiB, 12 %, 161.71 W, 54, 1980 MHz, 9501 MHz
2026/10/03 17:03:41.725, 1, 21006 MiB, 100 %, 192.06 W, 52, 1965 MHz, 9501 MHz
2026/10/03 17:03:42.727, 0, 21006 MiB, 12 %, 161.52 W, 54, 1980 MHz, 9501 MHz
2026/10/03 17:03:42.727, 1, 21006 MiB, 100 %, 175.18 W, 52, 1965 MHz, 9501 MHz
2026/10/03 17:03:43.729, 0, 21006 MiB, 13 %, 135.30 W, 52, 1695 MHz, 9501 MHz
2026/10/03 17:03:43.729, 1, 21006 MiB, 100 %, 175.53 W, 52, 1965 MHz, 9501 MHz
2026/10/03 17:03:44.730, 0, 21006 MiB, 14 %, 129.10 W, 52, 1695 MHz, 9501 MHz
2026/10/03 17:03:44.730, 1, 21006 MiB, 100 %, 175.65 W, 52, 1965 MHz, 9501 MHz
2026/10/03 17:03:45.732, 0, 21006 MiB, 13 %, 129.24 W, 52, 1695 MHz, 9501 MHz
2026/10/03 17:03:45.732, 1, 21006 MiB, 100 %, 175.93 W, 52, 1965 MHz, 9501 MHz
2026/10/03 17:03:46.733, 0, 21006 MiB, 14 %, 129.11 W, 52, 1695 MHz, 9501 MHz
2026/10/03 17:03:46.734, 1, 21006 MiB, 100 %, 175.83 W, 52, 1965 MHz, 9501 MHz
2026/10/03 17:03:47.735, 0, 21006 MiB, 100 %, 134.13 W, 53, 1980 MHz, 9501 MHz
2026/10/03 17:03:47.735, 1, 21006 MiB, 12 %, 171.48 W, 52, 1965 MHz, 9501 MHz
2026/10/03 17:03:48.737, 0, 21006 MiB, 13 %, 169.05 W, 53, 1980 MHz, 9501 MHz
2026/10/03 17:03:48.737, 1, 21006 MiB, 100 %, 167.97 W, 53, 1965 MHz, 9501 MHz
2026/10/03 17:03:49.737, 0, 21006 MiB, 12 %, 161.83 W, 54, 1980 MHz, 9501 MHz
2026/10/03 17:03:49.737, 1, 21006 MiB, 100 %, 175.98 W, 53, 1965 MHz, 9501 MHz
2026/10/03 17:03:50.739, 0, 21006 MiB, 13 %, 141.59 W, 52, 1695 MHz, 9501 MHz
2026/10/03 17:03:50.739, 1, 21006 MiB, 100 %, 175.87 W, 53, 1965 MHz, 9501 MHz
2026/10/03 17:03:51.739, 0, 21006 MiB, 100 %, 133.96 W, 53, 1980 MHz, 9501 MHz
2026/10/03 17:03:51.739, 1, 21006 MiB, 12 %, 172.03 W, 52, 1965 MHz, 9501 MHz
2026/10/03 17:03:52.741, 0, 21006 MiB, 100 %, 174.36 W, 54, 1980 MHz, 9501 MHz
2026/10/03 17:03:52.741, 1, 21006 MiB, 12 %, 162.11 W, 52, 1965 MHz, 9501 MHz
2026/10/03 17:03:53.742, 0, 21006 MiB, 100 %, 175.31 W, 54, 1980 MHz, 9501 MHz
2026/10/03 17:03:53.743, 1, 21006 MiB, 13 %, 151.34 W, 51, 1695 MHz, 9501 MHz
2026/10/03 17:03:54.744, 0, 21006 MiB, 100 %, 175.68 W, 54, 1980 MHz, 9501 MHz
2026/10/03 17:03:54.744, 1, 21006 MiB, 13 %, 131.60 W, 51, 1695 MHz, 9501 MHz
2026/10/03 17:03:55.745, 0, 21006 MiB, 100 %, 182.55 W, 56, 1980 MHz, 9501 MHz
2026/10/03 17:03:55.746, 1, 21006 MiB, 100 %, 136.02 W, 52, 1965 MHz, 9501 MHz
2026/10/03 17:03:56.746, 0, 21006 MiB, 12 %, 181.04 W, 54, 1980 MHz, 9501 MHz
2026/10/03 17:03:56.746, 1, 21006 MiB, 100 %, 185.14 W, 52, 1965 MHz, 9501 MHz
2026/10/03 17:03:57.746, 0, 21006 MiB, 13 %, 159.45 W, 53, 1695 MHz, 9501 MHz
2026/10/03 17:03:57.747, 1, 21006 MiB, 100 %, 175.49 W, 52, 1965 MHz, 9501 MHz
2026/10/03 17:03:58.748, 0, 21006 MiB, 14 %, 129.71 W, 53, 1695 MHz, 9501 MHz
2026/10/03 17:03:58.748, 1, 21006 MiB, 100 %, 175.55 W, 53, 1965 MHz, 9501 MHz
2026/10/03 17:03:59.749, 0, 21006 MiB, 13 %, 129.13 W, 52, 1695 MHz, 9501 MHz
2026/10/03 17:03:59.750, 1, 21006 MiB, 100 %, 175.79 W, 52, 1965 MHz, 9501 MHz
2026/10/03 17:04:00.751, 0, 21006 MiB, 13 %, 129.11 W, 52, 1695 MHz, 9501 MHz
2026/10/03 17:04:00.751, 1, 21006 MiB, 100 %, 175.76 W, 53, 1965 MHz, 9501 MHz
2026/10/03 17:04:01.752, 0, 21006 MiB, 13 %, 128.87 W, 52, 1695 MHz, 9501 MHz
2026/10/03 17:04:01.753, 1, 21006 MiB, 100 %, 175.71 W, 53, 1965 MHz, 9501 MHz
2026/10/03 17:04:02.753, 0, 21006 MiB, 13 %, 128.93 W, 52, 1695 MHz, 9501 MHz
2026/10/03 17:04:02.753, 1, 21006 MiB, 100 %, 176.06 W, 53, 1965 MHz, 9501 MHz
2026/10/03 17:04:03.754, 0, 21006 MiB, 14 %, 128.98 W, 52, 1695 MHz, 9501 MHz
2026/10/03 17:04:03.754, 1, 21006 MiB, 100 %, 176.03 W, 53, 1965 MHz, 9501 MHz
2026/10/03 17:04:04.756, 0, 21006 MiB, 14 %, 128.64 W, 52, 1695 MHz, 9501 MHz
2026/10/03 17:04:04.756, 1, 21006 MiB, 100 %, 175.90 W, 53, 1965 MHz, 9501 MHz
2026/10/03 17:04:05.757, 0, 21006 MiB, 14 %, 128.93 W, 52, 1695 MHz, 9501 MHz
2026/10/03 17:04:05.757, 1, 21006 MiB, 100 %, 176.05 W, 53, 1965 MHz, 9501 MHz
2026/10/03 17:04:06.759, 0, 21006 MiB, 14 %, 128.67 W, 52, 1695 MHz, 9501 MHz
2026/10/03 17:04:06.759, 1, 21006 MiB, 100 %, 175.92 W, 53, 1965 MHz, 9501 MHz
2026/10/03 17:04:07.760, 0, 21006 MiB, 14 %, 128.73 W, 52, 1695 MHz, 9501 MHz
2026/10/03 17:04:07.760, 1, 21006 MiB, 100 %, 176.27 W, 53, 1965 MHz, 9501 MHz
2026/10/03 17:04:08.761, 0, 21006 MiB, 13 %, 128.67 W, 52, 1695 MHz, 9501 MHz
2026/10/03 17:04:08.762, 1, 21006 MiB, 100 %, 176.43 W, 53, 1965 MHz, 9501 MHz
2026/10/03 17:04:09.763, 0, 21006 MiB, 14 %, 128.79 W, 52, 1695 MHz, 9501 MHz
2026/10/03 17:04:09.763, 1, 21006 MiB, 100 %, 176.51 W, 53, 1965 MHz, 9501 MHz
2026/10/03 17:04:10.764, 0, 21006 MiB, 21 %, 154.64 W, 54, 1980 MHz, 9501 MHz
2026/10/03 17:04:10.764, 1, 21006 MiB, 100 %, 192.77 W, 53, 1965 MHz, 9501 MHz
2026/10/03 17:04:11.765, 0, 21006 MiB, 12 %, 162.49 W, 53, 1980 MHz, 9501 MHz
2026/10/03 17:04:11.765, 1, 21006 MiB, 100 %, 178.01 W, 53, 1965 MHz, 9501 MHz
2026/10/03 17:04:12.766, 0, 21006 MiB, 13 %, 152.48 W, 52, 1695 MHz, 9501 MHz
2026/10/03 17:04:12.766, 1, 21006 MiB, 100 %, 176.19 W, 53, 1965 MHz, 9501 MHz
2026/10/03 17:04:13.768, 0, 21006 MiB, 13 %, 128.56 W, 52, 1695 MHz, 9501 MHz
2026/10/03 17:04:13.768, 1, 21006 MiB, 100 %, 176.34 W, 53, 1965 MHz, 9501 MHz
2026/10/03 17:04:14.769, 0, 21006 MiB, 13 %, 128.30 W, 52, 1695 MHz, 9501 MHz
2026/10/03 17:04:14.769, 1, 21006 MiB, 100 %, 176.16 W, 53, 1965 MHz, 9501 MHz
2026/10/03 17:04:15.771, 0, 21006 MiB, 13 %, 128.20 W, 52, 1695 MHz, 9501 MHz
2026/10/03 17:04:15.771, 1, 21006 MiB, 100 %, 176.24 W, 53, 1965 MHz, 9501 MHz
2026/10/03 17:04:16.772, 0, 21006 MiB, 13 %, 128.21 W, 52, 1695 MHz, 9501 MHz
2026/10/03 17:04:16.773, 1, 21006 MiB, 100 %, 176.32 W, 53, 1965 MHz, 9501 MHz
2026/10/03 17:04:17.773, 0, 21006 MiB, 13 %, 128.05 W, 52, 1695 MHz, 9501 MHz
2026/10/03 17:04:17.773, 1, 21006 MiB, 100 %, 176.35 W, 53, 1965 MHz, 9501 MHz
2026/10/03 17:04:18.773, 0, 21006 MiB, 13 %, 128.18 W, 51, 1695 MHz, 9501 MHz
2026/10/03 17:04:18.773, 1, 21006 MiB, 100 %, 176.40 W, 53, 1965 MHz, 9501 MHz
2026/10/03 17:04:19.775, 0, 21006 MiB, 13 %, 128.08 W, 51, 1695 MHz, 9501 MHz
2026/10/03 17:04:19.775, 1, 21006 MiB, 100 %, 176.21 W, 53, 1965 MHz, 9501 MHz
2026/10/03 17:04:20.776, 0, 21006 MiB, 13 %, 128.11 W, 51, 1695 MHz, 9501 MHz
2026/10/03 17:04:20.776, 1, 21006 MiB, 100 %, 175.96 W, 53, 1965 MHz, 9501 MHz
2026/10/03 17:04:21.776, 0, 21006 MiB, 13 %, 128.15 W, 51, 1695 MHz, 9501 MHz
2026/10/03 17:04:21.777, 1, 21006 MiB, 100 %, 175.99 W, 53, 1965 MHz, 9501 MHz
2026/10/03 17:04:22.777, 0, 21006 MiB, 13 %, 128.00 W, 51, 1695 MHz, 9501 MHz
2026/10/03 17:04:22.777, 1, 21006 MiB, 100 %, 176.30 W, 53, 1965 MHz, 9501 MHz
2026/10/03 17:04:23.778, 0, 21006 MiB, 13 %, 128.19 W, 51, 1695 MHz, 9501 MHz
2026/10/03 17:04:23.778, 1, 21006 MiB, 100 %, 176.42 W, 53, 1965 MHz, 9501 MHz
2026/10/03 17:04:24.779, 0, 21006 MiB, 13 %, 127.83 W, 51, 1695 MHz, 9501 MHz
2026/10/03 17:04:24.779, 1, 21006 MiB, 100 %, 176.36 W, 53, 1965 MHz, 9501 MHz
2026/10/03 17:04:25.779, 0, 21006 MiB, 72 %, 143.69 W, 53, 1980 MHz, 9501 MHz
2026/10/03 17:04:25.779, 1, 21006 MiB, 100 %, 193.05 W, 54, 1965 MHz, 9501 MHz
2026/10/03 17:04:26.779, 0, 21006 MiB, 12 %, 164.94 W, 53, 1980 MHz, 9501 MHz
2026/10/03 17:04:26.780, 1, 21006 MiB, 100 %, 181.61 W, 53, 1965 MHz, 9501 MHz
2026/10/03 17:04:27.780, 0, 21006 MiB, 13 %, 157.80 W, 52, 1695 MHz, 9501 MHz
2026/10/03 17:04:27.780, 1, 21006 MiB, 100 %, 176.49 W, 53, 1965 MHz, 9501 MHz
2026/10/03 17:04:28.780, 0, 21006 MiB, 13 %, 128.58 W, 51, 1695 MHz, 9501 MHz
2026/10/03 17:04:28.780, 1, 21006 MiB, 100 %, 176.49 W, 53, 1965 MHz, 9501 MHz
2026/10/03 17:04:29.782, 0, 21006 MiB, 13 %, 127.95 W, 51, 1695 MHz, 9501 MHz
2026/10/03 17:04:29.782, 1, 21006 MiB, 100 %, 176.28 W, 53, 1965 MHz, 9501 MHz
2026/10/03 17:04:30.782, 0, 21006 MiB, 13 %, 128.21 W, 51, 1695 MHz, 9501 MHz
2026/10/03 17:04:30.782, 1, 21006 MiB, 100 %, 176.60 W, 53, 1965 MHz, 9501 MHz
2026/10/03 17:04:31.782, 0, 21006 MiB, 13 %, 128.02 W, 51, 1695 MHz, 9501 MHz
2026/10/03 17:04:31.783, 1, 21006 MiB, 100 %, 176.42 W, 54, 1965 MHz, 9501 MHz
2026/10/03 17:04:32.783, 0, 21006 MiB, 13 %, 128.06 W, 51, 1695 MHz, 9501 MHz
2026/10/03 17:04:32.783, 1, 21006 MiB, 100 %, 176.25 W, 53, 1965 MHz, 9501 MHz
2026/10/03 17:04:33.783, 0, 21006 MiB, 13 %, 128.10 W, 51, 1695 MHz, 9501 MHz
2026/10/03 17:04:33.783, 1, 21006 MiB, 100 %, 176.46 W, 53, 1965 MHz, 9501 MHz
2026/10/03 17:04:34.784, 0, 21006 MiB, 13 %, 128.31 W, 51, 1695 MHz, 9501 MHz
2026/10/03 17:04:34.784, 1, 21006 MiB, 100 %, 176.70 W, 54, 1965 MHz, 9501 MHz
2026/10/03 17:04:35.784, 0, 21006 MiB, 13 %, 128.17 W, 51, 1695 MHz, 9501 MHz
2026/10/03 17:04:35.784, 1, 21006 MiB, 100 %, 176.67 W, 53, 1965 MHz, 9501 MHz
2026/10/03 17:04:36.784, 0, 21006 MiB, 13 %, 128.13 W, 51, 1695 MHz, 9501 MHz
2026/10/03 17:04:36.784, 1, 21006 MiB, 100 %, 176.53 W, 54, 1965 MHz, 9501 MHz
2026/10/03 17:04:37.785, 0, 21006 MiB, 13 %, 128.24 W, 51, 1695 MHz, 9501 MHz
2026/10/03 17:04:37.785, 1, 21006 MiB, 100 %, 176.62 W, 54, 1965 MHz, 9501 MHz
2026/10/03 17:04:38.785, 0, 21006 MiB, 14 %, 128.37 W, 51, 1695 MHz, 9501 MHz
2026/10/03 17:04:38.785, 1, 21006 MiB, 100 %, 176.63 W, 54, 1965 MHz, 9501 MHz
2026/10/03 17:04:39.785, 0, 21006 MiB, 14 %, 128.39 W, 51, 1695 MHz, 9501 MHz
2026/10/03 17:04:39.785, 1, 21006 MiB, 100 %, 176.55 W, 54, 1965 MHz, 9501 MHz
2026/10/03 17:04:40.786, 0, 21006 MiB, 100 %, 143.89 W, 54, 1980 MHz, 9501 MHz
2026/10/03 17:04:40.786, 1, 21006 MiB, 100 %, 191.12 W, 55, 1965 MHz, 9501 MHz
2026/10/03 17:04:41.786, 0, 21006 MiB, 12 %, 169.08 W, 52, 1980 MHz, 9501 MHz
2026/10/03 17:04:41.786, 1, 21006 MiB, 100 %, 184.71 W, 54, 1965 MHz, 9501 MHz
2026/10/03 17:04:42.786, 0, 21006 MiB, 13 %, 158.27 W, 52, 1695 MHz, 9501 MHz
2026/10/03 17:04:42.786, 1, 21006 MiB, 100 %, 176.73 W, 54, 1965 MHz, 9501 MHz
2026/10/03 17:04:43.787, 0, 21006 MiB, 13 %, 128.66 W, 51, 1695 MHz, 9501 MHz
2026/10/03 17:04:43.787, 1, 21006 MiB, 100 %, 176.74 W, 54, 1965 MHz, 9501 MHz
2026/10/03 17:04:44.787, 0, 21006 MiB, 13 %, 127.89 W, 51, 1695 MHz, 9501 MHz
2026/10/03 17:04:44.787, 1, 21006 MiB, 100 %, 176.55 W, 54, 1965 MHz, 9501 MHz
2026/10/03 17:04:45.787, 0, 21006 MiB, 13 %, 127.71 W, 51, 1695 MHz, 9501 MHz
2026/10/03 17:04:45.787, 1, 21006 MiB, 100 %, 176.57 W, 54, 1965 MHz, 9501 MHz
2026/10/03 17:04:46.788, 0, 21006 MiB, 12 %, 127.79 W, 51, 1695 MHz, 9501 MHz
2026/10/03 17:04:46.788, 1, 21006 MiB, 100 %, 176.49 W, 54, 1965 MHz, 9501 MHz
2026/10/03 17:04:47.788, 0, 21006 MiB, 13 %, 127.90 W, 51, 1695 MHz, 9501 MHz
2026/10/03 17:04:47.788, 1, 21006 MiB, 100 %, 176.59 W, 54, 1965 MHz, 9501 MHz
2026/10/03 17:04:48.788, 0, 21006 MiB, 13 %, 127.86 W, 51, 1695 MHz, 9501 MHz
2026/10/03 17:04:48.789, 1, 21006 MiB, 100 %, 176.65 W, 54, 1965 MHz, 9501 MHz
2026/10/03 17:04:49.789, 0, 21006 MiB, 13 %, 127.85 W, 51, 1695 MHz, 9501 MHz
2026/10/03 17:04:49.789, 1, 21006 MiB, 100 %, 176.58 W, 54, 1965 MHz, 9501 MHz
2026/10/03 17:04:50.789, 0, 21006 MiB, 13 %, 127.86 W, 51, 1695 MHz, 9501 MHz
2026/10/03 17:04:50.789, 1, 21006 MiB, 100 %, 176.58 W, 54, 1965 MHz, 9501 MHz
2026/10/03 17:04:51.790, 0, 21006 MiB, 13 %, 127.71 W, 51, 1695 MHz, 9501 MHz
2026/10/03 17:04:51.790, 1, 21006 MiB, 100 %, 176.57 W, 54, 1965 MHz, 9501 MHz
2026/10/03 17:04:52.790, 0, 21006 MiB, 13 %, 128.10 W, 51, 1695 MHz, 9501 MHz
2026/10/03 17:04:52.790, 1, 21006 MiB, 100 %, 176.60 W, 54, 1965 MHz, 9501 MHz
2026/10/03 17:04:53.790, 0, 21006 MiB, 13 %, 127.85 W, 51, 1695 MHz, 9501 MHz
2026/10/03 17:04:53.791, 1, 21006 MiB, 100 %, 176.36 W, 54, 1965 MHz, 9501 MHz
2026/10/03 17:04:54.791, 0, 21006 MiB, 13 %, 127.70 W, 51, 1695 MHz, 9501 MHz
2026/10/03 17:04:54.791, 1, 21006 MiB, 100 %, 176.46 W, 54, 1965 MHz, 9501 MHz
2026/10/03 17:04:55.791, 0, 21006 MiB, 12 %, 151.62 W, 52, 1980 MHz, 9501 MHz
2026/10/03 17:04:55.792, 1, 21006 MiB, 100 %, 192.28 W, 54, 1965 MHz, 9501 MHz
2026/10/03 17:04:56.792, 0, 21006 MiB, 12 %, 160.74 W, 52, 1980 MHz, 9501 MHz
2026/10/03 17:04:56.792, 1, 21006 MiB, 100 %, 176.73 W, 54, 1965 MHz, 9501 MHz
2026/10/03 17:04:57.792, 0, 21006 MiB, 13 %, 143.25 W, 51, 1695 MHz, 9501 MHz
2026/10/03 17:04:57.792, 1, 21006 MiB, 100 %, 176.67 W, 54, 1965 MHz, 9501 MHz
2026/10/03 17:04:58.793, 0, 21006 MiB, 13 %, 127.66 W, 51, 1695 MHz, 9501 MHz
2026/10/03 17:04:58.793, 1, 21006 MiB, 100 %, 176.58 W, 54, 1965 MHz, 9501 MHz
2026/10/03 17:04:59.793, 0, 21006 MiB, 14 %, 127.81 W, 51, 1695 MHz, 9501 MHz
2026/10/03 17:04:59.793, 1, 21006 MiB, 100 %, 176.71 W, 54, 1965 MHz, 9501 MHz
2026/10/03 17:05:00.793, 0, 21006 MiB, 14 %, 128.17 W, 51, 1695 MHz, 9501 MHz
2026/10/03 17:05:00.794, 1, 21006 MiB, 100 %, 176.96 W, 54, 1965 MHz, 9501 MHz
2026/10/03 17:05:01.794, 0, 21006 MiB, 13 %, 127.95 W, 51, 1695 MHz, 9501 MHz
2026/10/03 17:05:01.794, 1, 21006 MiB, 100 %, 176.96 W, 54, 1965 MHz, 9501 MHz
2026/10/03 17:05:02.794, 0, 21006 MiB, 13 %, 127.74 W, 51, 1695 MHz, 9501 MHz
2026/10/03 17:05:02.794, 1, 21006 MiB, 100 %, 176.83 W, 54, 1965 MHz, 9501 MHz
2026/10/03 17:05:03.795, 0, 21006 MiB, 13 %, 127.73 W, 51, 1695 MHz, 9501 MHz
2026/10/03 17:05:03.795, 1, 21006 MiB, 100 %, 176.73 W, 54, 1965 MHz, 9501 MHz
2026/10/03 17:05:04.795, 0, 21006 MiB, 13 %, 127.79 W, 51, 1695 MHz, 9501 MHz
2026/10/03 17:05:04.795, 1, 21006 MiB, 100 %, 176.81 W, 54, 1965 MHz, 9501 MHz
2026/10/03 17:05:05.795, 0, 21006 MiB, 13 %, 127.79 W, 50, 1695 MHz, 9501 MHz
2026/10/03 17:05:05.796, 1, 21006 MiB, 100 %, 177.01 W, 54, 1965 MHz, 9501 MHz
2026/10/03 17:05:06.796, 0, 21006 MiB, 13 %, 127.72 W, 51, 1695 MHz, 9501 MHz
2026/10/03 17:05:06.796, 1, 21006 MiB, 100 %, 176.74 W, 54, 1965 MHz, 9501 MHz
2026/10/03 17:05:07.796, 0, 21006 MiB, 13 %, 127.82 W, 50, 1695 MHz, 9501 MHz
2026/10/03 17:05:07.796, 1, 21006 MiB, 100 %, 176.75 W, 54, 1965 MHz, 9501 MHz
2026/10/03 17:05:08.797, 0, 21006 MiB, 13 %, 128.10 W, 50, 1695 MHz, 9501 MHz
2026/10/03 17:05:08.797, 1, 21006 MiB, 100 %, 176.95 W, 54, 1965 MHz, 9501 MHz
2026/10/03 17:05:09.797, 0, 21006 MiB, 13 %, 127.90 W, 50, 1695 MHz, 9501 MHz
2026/10/03 17:05:09.797, 1, 21006 MiB, 100 %, 176.79 W, 54, 1965 MHz, 9501 MHz
2026/10/03 17:05:10.797, 0, 21006 MiB, 100 %, 154.71 W, 52, 1980 MHz, 9501 MHz
2026/10/03 17:05:10.798, 1, 21006 MiB, 12 %, 190.36 W, 54, 1965 MHz, 9501 MHz
2026/10/03 17:05:11.798, 0, 21006 MiB, 100 %, 174.15 W, 53, 1980 MHz, 9501 MHz
2026/10/03 17:05:11.798, 1, 21006 MiB, 12 %, 163.27 W, 54, 1965 MHz, 9501 MHz
2026/10/03 17:05:12.798, 0, 21006 MiB, 100 %, 174.09 W, 53, 1980 MHz, 9501 MHz
2026/10/03 17:05:12.798, 1, 21006 MiB, 13 %, 149.50 W, 53, 1695 MHz, 9501 MHz
2026/10/03 17:05:13.799, 0, 21006 MiB, 100 %, 174.10 W, 53, 1980 MHz, 9501 MHz
2026/10/03 17:05:13.799, 1, 21006 MiB, 13 %, 132.12 W, 52, 1695 MHz, 9501 MHz
2026/10/03 17:05:14.799, 0, 21006 MiB, 100 %, 173.93 W, 53, 1980 MHz, 9501 MHz
2026/10/03 17:05:14.799, 1, 21006 MiB, 13 %, 132.09 W, 52, 1695 MHz, 9501 MHz
2026/10/03 17:05:15.799, 0, 21006 MiB, 100 %, 173.93 W, 53, 1980 MHz, 9501 MHz
2026/10/03 17:05:15.800, 1, 21006 MiB, 13 %, 132.01 W, 52, 1695 MHz, 9501 MHz
2026/10/03 17:05:16.800, 0, 21006 MiB, 100 %, 174.01 W, 53, 1980 MHz, 9501 MHz
2026/10/03 17:05:16.800, 1, 21006 MiB, 13 %, 132.02 W, 52, 1695 MHz, 9501 MHz
2026/10/03 17:05:17.800, 0, 21006 MiB, 100 %, 174.06 W, 53, 1980 MHz, 9501 MHz
2026/10/03 17:05:17.800, 1, 21006 MiB, 13 %, 131.89 W, 52, 1695 MHz, 9501 MHz
2026/10/03 17:05:18.800, 0, 21006 MiB, 100 %, 174.21 W, 53, 1980 MHz, 9501 MHz
2026/10/03 17:05:18.801, 1, 21006 MiB, 13 %, 131.66 W, 52, 1695 MHz, 9501 MHz
2026/10/03 17:05:19.801, 0, 21006 MiB, 100 %, 174.27 W, 54, 1980 MHz, 9501 MHz
2026/10/03 17:05:19.801, 1, 21006 MiB, 13 %, 131.57 W, 52, 1695 MHz, 9501 MHz
2026/10/03 17:05:20.801, 0, 21006 MiB, 100 %, 174.25 W, 54, 1980 MHz, 9501 MHz
2026/10/03 17:05:20.802, 1, 21006 MiB, 13 %, 131.49 W, 52, 1695 MHz, 9501 MHz
2026/10/03 17:05:21.802, 0, 21006 MiB, 100 %, 174.34 W, 54, 1980 MHz, 9501 MHz
2026/10/03 17:05:21.802, 1, 21006 MiB, 13 %, 131.50 W, 51, 1695 MHz, 9501 MHz
2026/10/03 17:05:22.802, 0, 21006 MiB, 100 %, 174.37 W, 54, 1980 MHz, 9501 MHz
2026/10/03 17:05:22.802, 1, 21006 MiB, 13 %, 131.43 W, 51, 1695 MHz, 9501 MHz
2026/10/03 17:05:23.802, 0, 21006 MiB, 100 %, 174.34 W, 54, 1980 MHz, 9501 MHz
2026/10/03 17:05:23.803, 1, 21006 MiB, 13 %, 131.25 W, 51, 1695 MHz, 9501 MHz
2026/10/03 17:05:24.803, 0, 21006 MiB, 100 %, 174.48 W, 54, 1980 MHz, 9501 MHz
2026/10/03 17:05:24.803, 1, 21006 MiB, 13 %, 131.00 W, 51, 1695 MHz, 9501 MHz
2026/10/03 17:05:25.803, 0, 21006 MiB, 100 %, 189.92 W, 54, 1980 MHz, 9501 MHz
2026/10/03 17:05:25.804, 1, 21006 MiB, 12 %, 152.18 W, 52, 1965 MHz, 9501 MHz
2026/10/03 17:05:26.804, 0, 21006 MiB, 100 %, 174.71 W, 54, 1980 MHz, 9501 MHz
2026/10/03 17:05:26.804, 1, 21006 MiB, 12 %, 161.84 W, 52, 1965 MHz, 9501 MHz
2026/10/03 17:05:27.804, 0, 21006 MiB, 100 %, 174.69 W, 54, 1980 MHz, 9501 MHz
2026/10/03 17:05:27.804, 1, 21006 MiB, 13 %, 153.73 W, 51, 1695 MHz, 9501 MHz
2026/10/03 17:05:28.805, 0, 21006 MiB, 100 %, 174.86 W, 54, 1980 MHz, 9501 MHz
2026/10/03 17:05:28.805, 1, 21006 MiB, 13 %, 131.14 W, 51, 1695 MHz, 9501 MHz
2026/10/03 17:05:29.805, 0, 21006 MiB, 100 %, 174.71 W, 54, 1980 MHz, 9501 MHz
2026/10/03 17:05:29.805, 1, 21006 MiB, 13 %, 131.13 W, 51, 1695 MHz, 9501 MHz
2026/10/03 17:05:30.805, 0, 21006 MiB, 100 %, 174.76 W, 54, 1980 MHz, 9501 MHz
2026/10/03 17:05:30.806, 1, 21006 MiB, 13 %, 131.02 W, 51, 1695 MHz, 9501 MHz
2026/10/03 17:05:31.806, 0, 21006 MiB, 100 %, 174.90 W, 54, 1980 MHz, 9501 MHz
2026/10/03 17:05:31.806, 1, 21006 MiB, 12 %, 130.85 W, 51, 1695 MHz, 9501 MHz
2026/10/03 17:05:32.806, 0, 21006 MiB, 100 %, 175.11 W, 54, 1980 MHz, 9501 MHz
2026/10/03 17:05:32.807, 1, 21006 MiB, 13 %, 130.78 W, 51, 1695 MHz, 9501 MHz
2026/10/03 17:05:33.807, 0, 21006 MiB, 100 %, 175.13 W, 55, 1980 MHz, 9501 MHz
2026/10/03 17:05:33.807, 1, 21006 MiB, 13 %, 130.66 W, 51, 1695 MHz, 9501 MHz
2026/10/03 17:05:34.807, 0, 21006 MiB, 100 %, 175.15 W, 55, 1980 MHz, 9501 MHz
2026/10/03 17:05:34.807, 1, 21006 MiB, 13 %, 130.57 W, 50, 1695 MHz, 9501 MHz
2026/10/03 17:05:35.808, 0, 21006 MiB, 100 %, 175.17 W, 55, 1980 MHz, 9501 MHz
2026/10/03 17:05:35.808, 1, 21006 MiB, 13 %, 130.66 W, 50, 1695 MHz, 9501 MHz
2026/10/03 17:05:36.808, 0, 21006 MiB, 100 %, 175.17 W, 55, 1980 MHz, 9501 MHz
2026/10/03 17:05:36.808, 1, 21006 MiB, 13 %, 130.74 W, 50, 1695 MHz, 9501 MHz
2026/10/03 17:05:37.808, 0, 21006 MiB, 100 %, 175.29 W, 55, 1980 MHz, 9501 MHz
2026/10/03 17:05:37.809, 1, 21006 MiB, 13 %, 130.89 W, 50, 1695 MHz, 9501 MHz
2026/10/03 17:05:38.809, 0, 21006 MiB, 100 %, 175.20 W, 55, 1980 MHz, 9501 MHz
2026/10/03 17:05:38.809, 1, 21006 MiB, 13 %, 130.83 W, 50, 1695 MHz, 9501 MHz
2026/10/03 17:05:39.809, 0, 21006 MiB, 100 %, 175.30 W, 55, 1980 MHz, 9501 MHz
2026/10/03 17:05:39.810, 1, 21006 MiB, 13 %, 130.68 W, 50, 1695 MHz, 9501 MHz
2026/10/03 17:05:40.810, 0, 21006 MiB, 68 %, 190.73 W, 55, 1980 MHz, 9501 MHz
2026/10/03 17:05:40.810, 1, 21006 MiB, 34 %, 158.55 W, 51, 1965 MHz, 9501 MHz
2026/10/03 17:05:41.810, 0, 21006 MiB, 100 %, 175.00 W, 55, 1980 MHz, 9501 MHz
2026/10/03 17:05:41.810, 1, 21006 MiB, 12 %, 161.48 W, 51, 1965 MHz, 9501 MHz
2026/10/03 17:05:42.810, 0, 21006 MiB, 100 %, 175.24 W, 55, 1980 MHz, 9501 MHz
2026/10/03 17:05:42.811, 1, 21006 MiB, 13 %, 150.88 W, 50, 1695 MHz, 9501 MHz
2026/10/03 17:05:43.811, 0, 21006 MiB, 100 %, 175.16 W, 55, 1980 MHz, 9501 MHz
2026/10/03 17:05:43.811, 1, 21006 MiB, 13 %, 130.82 W, 50, 1695 MHz, 9501 MHz
2026/10/03 17:05:44.811, 0, 21006 MiB, 100 %, 175.38 W, 55, 1980 MHz, 9501 MHz
2026/10/03 17:05:44.811, 1, 21006 MiB, 13 %, 130.78 W, 50, 1695 MHz, 9501 MHz
2026/10/03 17:05:45.811, 0, 21006 MiB, 100 %, 175.43 W, 55, 1980 MHz, 9501 MHz
2026/10/03 17:05:45.811, 1, 21006 MiB, 13 %, 130.63 W, 50, 1695 MHz, 9501 MHz
2026/10/03 17:05:46.819, 0, 21006 MiB, 100 %, 175.66 W, 55, 1980 MHz, 9501 MHz
2026/10/03 17:05:46.819, 1, 21006 MiB, 13 %, 130.64 W, 50, 1695 MHz, 9501 MHz
2026/10/03 17:05:47.828, 0, 21006 MiB, 100 %, 175.75 W, 55, 1980 MHz, 9501 MHz
2026/10/03 17:05:47.828, 1, 21006 MiB, 13 %, 130.54 W, 50, 1695 MHz, 9501 MHz
2026/10/03 17:05:48.837, 0, 21006 MiB, 100 %, 175.72 W, 55, 1980 MHz, 9501 MHz
2026/10/03 17:05:48.837, 1, 21006 MiB, 13 %, 130.43 W, 50, 1695 MHz, 9501 MHz
2026/10/03 17:05:49.845, 0, 21006 MiB, 100 %, 175.69 W, 55, 1980 MHz, 9501 MHz
2026/10/03 17:05:49.846, 1, 21006 MiB, 13 %, 130.47 W, 50, 1695 MHz, 9501 MHz
2026/10/03 17:05:50.853, 0, 21006 MiB, 100 %, 175.64 W, 55, 1980 MHz, 9501 MHz
2026/10/03 17:05:50.853, 1, 21006 MiB, 13 %, 130.16 W, 50, 1695 MHz, 9501 MHz
2026/10/03 17:05:51.860, 0, 21006 MiB, 100 %, 175.78 W, 55, 1980 MHz, 9501 MHz
2026/10/03 17:05:51.860, 1, 21006 MiB, 13 %, 129.99 W, 50, 1695 MHz, 9501 MHz
2026/10/03 17:05:52.867, 0, 21006 MiB, 100 %, 176.12 W, 55, 1980 MHz, 9501 MHz
2026/10/03 17:05:52.867, 1, 21006 MiB, 13 %, 129.90 W, 49, 1695 MHz, 9501 MHz
2026/10/03 17:05:53.873, 0, 21006 MiB, 100 %, 176.47 W, 55, 1980 MHz, 9501 MHz
2026/10/03 17:05:53.874, 1, 21006 MiB, 13 %, 129.84 W, 49, 1695 MHz, 9501 MHz
2026/10/03 17:05:54.880, 0, 21006 MiB, 100 %, 176.34 W, 55, 1980 MHz, 9501 MHz
2026/10/03 17:05:54.880, 1, 21006 MiB, 13 %, 130.03 W, 49, 1695 MHz, 9501 MHz
2026/10/03 17:05:55.886, 0, 21006 MiB, 72 %, 191.51 W, 56, 1980 MHz, 9501 MHz
2026/10/03 17:05:55.887, 1, 21006 MiB, 12 %, 147.86 W, 50, 1965 MHz, 9501 MHz
2026/10/03 17:05:56.892, 0, 21006 MiB, 100 %, 177.38 W, 56, 1980 MHz, 9501 MHz
2026/10/03 17:05:56.892, 1, 21006 MiB, 12 %, 160.64 W, 50, 1965 MHz, 9501 MHz
2026/10/03 17:05:57.898, 0, 21006 MiB, 100 %, 176.32 W, 56, 1980 MHz, 9501 MHz
2026/10/03 17:05:57.898, 1, 21006 MiB, 13 %, 149.86 W, 50, 1695 MHz, 9501 MHz
2026/10/03 17:05:58.903, 0, 21006 MiB, 100 %, 176.34 W, 56, 1980 MHz, 9501 MHz
2026/10/03 17:05:58.903, 1, 21006 MiB, 13 %, 129.72 W, 49, 1695 MHz, 9501 MHz
2026/10/03 17:05:59.908, 0, 21006 MiB, 100 %, 176.28 W, 56, 1980 MHz, 9501 MHz
2026/10/03 17:05:59.908, 1, 21006 MiB, 14 %, 129.97 W, 49, 1695 MHz, 9501 MHz
2026/10/03 17:06:00.913, 0, 21006 MiB, 100 %, 176.18 W, 56, 1980 MHz, 9501 MHz
2026/10/03 17:06:00.914, 1, 21006 MiB, 14 %, 130.01 W, 49, 1695 MHz, 9501 MHz
2026/10/03 17:06:01.918, 0, 21006 MiB, 100 %, 176.35 W, 56, 1980 MHz, 9501 MHz
2026/10/03 17:06:01.919, 1, 21006 MiB, 13 %, 130.07 W, 49, 1695 MHz, 9501 MHz
2026/10/03 17:06:02.923, 0, 21006 MiB, 100 %, 176.34 W, 56, 1980 MHz, 9501 MHz
2026/10/03 17:06:02.923, 1, 21006 MiB, 14 %, 129.87 W, 49, 1695 MHz, 9501 MHz
2026/10/03 17:06:03.928, 0, 21006 MiB, 100 %, 176.57 W, 56, 1980 MHz, 9501 MHz
2026/10/03 17:06:03.928, 1, 21006 MiB, 14 %, 130.06 W, 49, 1695 MHz, 9501 MHz
2026/10/03 17:06:04.931, 0, 21006 MiB, 100 %, 176.39 W, 56, 1980 MHz, 9501 MHz
2026/10/03 17:06:04.931, 1, 21006 MiB, 14 %, 129.81 W, 49, 1695 MHz, 9501 MHz
2026/10/03 17:06:05.935, 0, 21006 MiB, 100 %, 176.63 W, 56, 1980 MHz, 9501 MHz
2026/10/03 17:06:05.935, 1, 21006 MiB, 14 %, 129.81 W, 49, 1695 MHz, 9501 MHz
2026/10/03 17:06:06.938, 0, 21006 MiB, 100 %, 176.73 W, 56, 1980 MHz, 9501 MHz
2026/10/03 17:06:06.938, 1, 21006 MiB, 13 %, 129.84 W, 49, 1695 MHz, 9501 MHz
2026/10/03 17:06:07.941, 0, 21006 MiB, 100 %, 176.86 W, 56, 1980 MHz, 9501 MHz
2026/10/03 17:06:07.941, 1, 21006 MiB, 13 %, 129.85 W, 49, 1695 MHz, 9501 MHz
2026/10/03 17:06:08.944, 0, 21006 MiB, 100 %, 176.72 W, 56, 1980 MHz, 9501 MHz
2026/10/03 17:06:08.944, 1, 21006 MiB, 14 %, 129.98 W, 49, 1695 MHz, 9501 MHz
2026/10/03 17:06:09.947, 0, 21006 MiB, 100 %, 176.67 W, 56, 1980 MHz, 9501 MHz
2026/10/03 17:06:09.947, 1, 21006 MiB, 14 %, 130.22 W, 49, 1695 MHz, 9501 MHz
2026/10/03 17:06:10.950, 0, 21006 MiB, 12 %, 189.63 W, 56, 1980 MHz, 9501 MHz
2026/10/03 17:06:10.950, 1, 21006 MiB, 100 %, 168.47 W, 50, 1965 MHz, 9501 MHz
2026/10/03 17:06:11.954, 0, 21006 MiB, 12 %, 163.19 W, 55, 1980 MHz, 9501 MHz
2026/10/03 17:06:11.954, 1, 21006 MiB, 100 %, 173.85 W, 50, 1965 MHz, 9501 MHz
2026/10/03 17:06:12.956, 0, 21006 MiB, 14 %, 151.23 W, 54, 1695 MHz, 9501 MHz
2026/10/03 17:06:12.956, 1, 21006 MiB, 100 %, 174.29 W, 50, 1965 MHz, 9501 MHz
2026/10/03 17:06:13.959, 0, 21006 MiB, 14 %, 129.97 W, 54, 1695 MHz, 9501 MHz
2026/10/03 17:06:13.959, 1, 21006 MiB, 97 %, 174.18 W, 50, 1965 MHz, 9501 MHz
2026/10/03 17:06:14.961, 0, 21006 MiB, 100 %, 163.32 W, 56, 1980 MHz, 9501 MHz
2026/10/03 17:06:14.962, 1, 21006 MiB, 12 %, 162.25 W, 50, 1965 MHz, 9501 MHz
2026/10/03 17:06:15.965, 0, 21006 MiB, 100 %, 176.09 W, 56, 1980 MHz, 9501 MHz
2026/10/03 17:06:15.965, 1, 21006 MiB, 13 %, 155.58 W, 49, 1695 MHz, 9501 MHz
2026/10/03 17:06:16.967, 0, 21006 MiB, 100 %, 176.22 W, 56, 1980 MHz, 9501 MHz
2026/10/03 17:06:16.968, 1, 21006 MiB, 13 %, 130.18 W, 49, 1695 MHz, 9501 MHz
2026/10/03 17:06:17.970, 0, 21006 MiB, 100 %, 176.48 W, 56, 1980 MHz, 9501 MHz
2026/10/03 17:06:17.970, 1, 21006 MiB, 13 %, 129.96 W, 49, 1695 MHz, 9501 MHz
2026/10/03 17:06:18.972, 0, 21006 MiB, 100 %, 176.23 W, 56, 1980 MHz, 9501 MHz
2026/10/03 17:06:18.973, 1, 21006 MiB, 13 %, 129.99 W, 49, 1695 MHz, 9501 MHz
2026/10/03 17:06:19.975, 0, 21006 MiB, 100 %, 176.31 W, 56, 1980 MHz, 9501 MHz
2026/10/03 17:06:19.975, 1, 21006 MiB, 13 %, 130.05 W, 49, 1695 MHz, 9501 MHz
2026/10/03 17:06:20.977, 0, 21006 MiB, 100 %, 176.71 W, 56, 1980 MHz, 9501 MHz
2026/10/03 17:06:20.977, 1, 21006 MiB, 14 %, 130.34 W, 49, 1695 MHz, 9501 MHz
2026/10/03 17:06:21.980, 0, 21006 MiB, 100 %, 176.82 W, 56, 1980 MHz, 9501 MHz
2026/10/03 17:06:21.980, 1, 21006 MiB, 14 %, 130.37 W, 49, 1695 MHz, 9501 MHz
2026/10/03 17:06:22.982, 0, 21006 MiB, 100 %, 176.90 W, 56, 1980 MHz, 9501 MHz
2026/10/03 17:06:22.983, 1, 21006 MiB, 14 %, 130.41 W, 49, 1695 MHz, 9501 MHz
2026/10/03 17:06:23.985, 0, 21006 MiB, 100 %, 176.92 W, 56, 1980 MHz, 9501 MHz
2026/10/03 17:06:23.985, 1, 21006 MiB, 13 %, 130.36 W, 49, 1695 MHz, 9501 MHz
2026/10/03 17:06:24.987, 0, 21006 MiB, 100 %, 176.82 W, 56, 1980 MHz, 9501 MHz
2026/10/03 17:06:24.987, 1, 21006 MiB, 14 %, 130.22 W, 49, 1695 MHz, 9501 MHz
2026/10/03 17:06:25.990, 0, 21006 MiB, 12 %, 186.17 W, 56, 1980 MHz, 9501 MHz
2026/10/03 17:06:25.990, 1, 21006 MiB, 100 %, 176.77 W, 50, 1965 MHz, 9501 MHz
2026/10/03 17:06:26.991, 0, 21006 MiB, 12 %, 163.13 W, 56, 1980 MHz, 9501 MHz
2026/10/03 17:06:26.991, 1, 21006 MiB, 100 %, 174.18 W, 50, 1965 MHz, 9501 MHz
2026/10/03 17:06:27.993, 0, 21006 MiB, 13 %, 142.73 W, 54, 1695 MHz, 9501 MHz
2026/10/03 17:06:27.993, 1, 21006 MiB, 100 %, 174.12 W, 51, 1965 MHz, 9501 MHz
2026/10/03 17:06:28.994, 0, 21006 MiB, 14 %, 130.15 W, 54, 1695 MHz, 9501 MHz
2026/10/03 17:06:28.994, 1, 21006 MiB, 100 %, 173.98 W, 51, 1965 MHz, 9501 MHz
2026/10/03 17:06:29.996, 0, 21006 MiB, 13 %, 130.17 W, 54, 1695 MHz, 9501 MHz
2026/10/03 17:06:29.996, 1, 21006 MiB, 100 %, 174.42 W, 51, 1965 MHz, 9501 MHz
2026/10/03 17:06:30.997, 0, 21006 MiB, 13 %, 129.92 W, 53, 1695 MHz, 9501 MHz
2026/10/03 17:06:30.997, 1, 21006 MiB, 100 %, 174.04 W, 51, 1965 MHz, 9501 MHz
2026/10/03 17:06:31.999, 0, 21006 MiB, 14 %, 130.07 W, 53, 1695 MHz, 9501 MHz
2026/10/03 17:06:31.999, 1, 21006 MiB, 100 %, 174.19 W, 51, 1965 MHz, 9501 MHz
2026/10/03 17:06:33.000, 0, 21006 MiB, 13 %, 129.74 W, 53, 1695 MHz, 9501 MHz
2026/10/03 17:06:33.000, 1, 21006 MiB, 100 %, 174.26 W, 51, 1965 MHz, 9501 MHz
2026/10/03 17:06:34.002, 0, 21006 MiB, 14 %, 129.93 W, 53, 1695 MHz, 9501 MHz
2026/10/03 17:06:34.002, 1, 21006 MiB, 100 %, 174.57 W, 51, 1965 MHz, 9501 MHz
2026/10/03 17:06:35.004, 0, 21006 MiB, 13 %, 129.78 W, 53, 1695 MHz, 9501 MHz
2026/10/03 17:06:35.004, 1, 21006 MiB, 100 %, 174.68 W, 51, 1965 MHz, 9501 MHz
2026/10/03 17:06:36.005, 0, 21006 MiB, 14 %, 129.72 W, 53, 1695 MHz, 9501 MHz
2026/10/03 17:06:36.005, 1, 21006 MiB, 100 %, 175.03 W, 51, 1965 MHz, 9501 MHz
2026/10/03 17:06:37.007, 0, 21006 MiB, 13 %, 129.61 W, 53, 1695 MHz, 9501 MHz
2026/10/03 17:06:37.007, 1, 21006 MiB, 100 %, 174.90 W, 51, 1965 MHz, 9501 MHz
2026/10/03 17:06:38.008, 0, 21006 MiB, 13 %, 129.56 W, 53, 1695 MHz, 9501 MHz
2026/10/03 17:06:38.008, 1, 21006 MiB, 100 %, 174.80 W, 51, 1965 MHz, 9501 MHz
2026/10/03 17:06:39.009, 0, 21006 MiB, 13 %, 129.31 W, 53, 1695 MHz, 9501 MHz
2026/10/03 17:06:39.009, 1, 21006 MiB, 100 %, 175.15 W, 51, 1965 MHz, 9501 MHz
2026/10/03 17:06:40.011, 0, 21006 MiB, 100 %, 137.25 W, 54, 1830 MHz, 9501 MHz
2026/10/03 17:06:40.011, 1, 21006 MiB, 100 %, 183.86 W, 52, 1965 MHz, 9501 MHz
2026/10/03 17:06:41.012, 0, 21006 MiB, 100 %, 178.04 W, 55, 1980 MHz, 9501 MHz
2026/10/03 17:06:41.012, 1, 21006 MiB, 12 %, 178.45 W, 51, 1965 MHz, 9501 MHz
2026/10/03 17:06:42.013, 0, 21006 MiB, 100 %, 175.09 W, 55, 1980 MHz, 9501 MHz
2026/10/03 17:06:42.013, 1, 21006 MiB, 12 %, 161.62 W, 51, 1965 MHz, 9501 MHz
2026/10/03 17:06:43.015, 0, 21006 MiB, 100 %, 175.43 W, 55, 1980 MHz, 9501 MHz
2026/10/03 17:06:43.015, 1, 21006 MiB, 13 %, 134.17 W, 50, 1695 MHz, 9501 MHz
2026/10/03 17:06:44.016, 0, 21006 MiB, 100 %, 175.52 W, 55, 1980 MHz, 9501 MHz
2026/10/03 17:06:44.017, 1, 21006 MiB, 13 %, 130.75 W, 50, 1695 MHz, 9501 MHz
2026/10/03 17:06:45.018, 0, 21006 MiB, 100 %, 175.51 W, 55, 1980 MHz, 9501 MHz
2026/10/03 17:06:45.018, 1, 21006 MiB, 13 %, 130.91 W, 50, 1695 MHz, 9501 MHz
2026/10/03 17:06:46.019, 0, 21006 MiB, 100 %, 175.51 W, 55, 1980 MHz, 9501 MHz
2026/10/03 17:06:46.020, 1, 21006 MiB, 13 %, 130.82 W, 50, 1695 MHz, 9501 MHz
2026/10/03 17:06:47.021, 0, 21006 MiB, 100 %, 175.79 W, 55, 1980 MHz, 9501 MHz
2026/10/03 17:06:47.021, 1, 21006 MiB, 13 %, 130.72 W, 50, 1695 MHz, 9501 MHz
2026/10/03 17:06:48.022, 0, 21006 MiB, 12 %, 173.98 W, 55, 1980 MHz, 9501 MHz
2026/10/03 17:06:48.022, 1, 21006 MiB, 100 %, 131.67 W, 50, 1695 MHz, 9501 MHz
2026/10/03 17:06:49.024, 0, 21006 MiB, 12 %, 162.10 W, 55, 1980 MHz, 9501 MHz
2026/10/03 17:06:49.024, 1, 21006 MiB, 100 %, 170.76 W, 51, 1965 MHz, 9501 MHz
2026/10/03 17:06:50.025, 0, 21006 MiB, 13 %, 153.70 W, 54, 1695 MHz, 9501 MHz
2026/10/03 17:06:50.025, 1, 21006 MiB, 100 %, 174.55 W, 51, 1965 MHz, 9501 MHz
2026/10/03 17:06:51.026, 0, 21006 MiB, 13 %, 129.30 W, 53, 1695 MHz, 9501 MHz
2026/10/03 17:06:51.027, 1, 21006 MiB, 100 %, 174.31 W, 51, 1965 MHz, 9501 MHz
2026/10/03 17:06:52.031, 0, 21006 MiB, 12 %, 129.13 W, 53, 1695 MHz, 9501 MHz
2026/10/03 17:06:52.031, 1, 21006 MiB, 100 %, 174.38 W, 51, 1965 MHz, 9501 MHz
2026/10/03 17:06:53.035, 0, 21006 MiB, 12 %, 129.21 W, 53, 1695 MHz, 9501 MHz
2026/10/03 17:06:53.035, 1, 21006 MiB, 100 %, 174.46 W, 51, 1965 MHz, 9501 MHz
2026/10/03 17:06:54.040, 0, 21006 MiB, 12 %, 129.30 W, 53, 1695 MHz, 9501 MHz
2026/10/03 17:06:54.040, 1, 21006 MiB, 100 %, 174.84 W, 51, 1965 MHz, 9501 MHz
2026/10/03 17:06:55.044, 0, 21006 MiB, 87 %, 132.07 W, 53, 1695 MHz, 9501 MHz
2026/10/03 17:06:55.044, 1, 21006 MiB, 85 %, 178.37 W, 52, 1965 MHz, 9501 MHz
2026/10/03 17:06:56.048, 0, 21006 MiB, 11 %, 172.50 W, 54, 1980 MHz, 9501 MHz
2026/10/03 17:06:56.048, 1, 21006 MiB, 100 %, 188.43 W, 52, 1965 MHz, 9501 MHz
2026/10/03 17:06:57.051, 0, 21006 MiB, 12 %, 161.39 W, 54, 1980 MHz, 9501 MHz
2026/10/03 17:06:57.051, 1, 21006 MiB, 100 %, 175.11 W, 52, 1965 MHz, 9501 MHz
2026/10/03 17:06:58.055, 0, 21006 MiB, 13 %, 141.27 W, 53, 1695 MHz, 9501 MHz
2026/10/03 17:06:58.055, 1, 21006 MiB, 100 %, 175.06 W, 52, 1965 MHz, 9501 MHz
2026/10/03 17:06:59.058, 0, 21006 MiB, 13 %, 128.99 W, 53, 1695 MHz, 9501 MHz
2026/10/03 17:06:59.059, 1, 21006 MiB, 100 %, 175.18 W, 52, 1965 MHz, 9501 MHz
2026/10/03 17:07:00.062, 0, 21006 MiB, 13 %, 129.08 W, 53, 1695 MHz, 9501 MHz
2026/10/03 17:07:00.062, 1, 21006 MiB, 100 %, 175.31 W, 52, 1965 MHz, 9501 MHz
2026/10/03 17:07:01.065, 0, 21006 MiB, 13 %, 128.97 W, 52, 1695 MHz, 9501 MHz
2026/10/03 17:07:01.065, 1, 21006 MiB, 100 %, 175.43 W, 52, 1965 MHz, 9501 MHz
2026/10/03 17:07:02.069, 0, 21006 MiB, 13 %, 129.03 W, 52, 1695 MHz, 9501 MHz
2026/10/03 17:07:02.069, 1, 21006 MiB, 100 %, 175.38 W, 52, 1965 MHz, 9501 MHz
2026/10/03 17:07:03.072, 0, 21006 MiB, 13 %, 128.79 W, 52, 1695 MHz, 9501 MHz
2026/10/03 17:07:03.072, 1, 21006 MiB, 100 %, 175.49 W, 52, 1965 MHz, 9501 MHz
2026/10/03 17:07:04.074, 0, 21006 MiB, 13 %, 128.78 W, 52, 1695 MHz, 9501 MHz
2026/10/03 17:07:04.075, 1, 21006 MiB, 100 %, 175.65 W, 52, 1965 MHz, 9501 MHz
2026/10/03 17:07:05.077, 0, 21006 MiB, 13 %, 128.70 W, 52, 1695 MHz, 9501 MHz
2026/10/03 17:07:05.077, 1, 21006 MiB, 100 %, 175.49 W, 52, 1965 MHz, 9501 MHz
2026/10/03 17:07:06.079, 0, 21006 MiB, 13 %, 128.76 W, 52, 1695 MHz, 9501 MHz
2026/10/03 17:07:06.079, 1, 21006 MiB, 100 %, 175.40 W, 52, 1965 MHz, 9501 MHz
2026/10/03 17:07:07.082, 0, 21006 MiB, 13 %, 128.91 W, 52, 1695 MHz, 9501 MHz
2026/10/03 17:07:07.082, 1, 21006 MiB, 100 %, 175.38 W, 52, 1965 MHz, 9501 MHz
2026/10/03 17:07:08.084, 0, 21006 MiB, 13 %, 128.85 W, 52, 1695 MHz, 9501 MHz
2026/10/03 17:07:08.084, 1, 21006 MiB, 100 %, 175.55 W, 52, 1965 MHz, 9501 MHz
2026/10/03 17:07:09.086, 0, 21006 MiB, 13 %, 128.09 W, 52, 1695 MHz, 9501 MHz
2026/10/03 17:07:09.087, 1, 21006 MiB, 100 %, 174.86 W, 52, 1965 MHz, 9501 MHz
2026/10/03 17:07:10.089, 0, 21006 MiB, 12 %, 128.32 W, 52, 1695 MHz, 9501 MHz
2026/10/03 17:07:10.089, 1, 21006 MiB, 100 %, 175.23 W, 52, 1965 MHz, 9501 MHz
